areacode,cat1,cat2,cat3,contentid,contenttypeid,createdtime,firstimage,firstimage2,mapx,mapy,mlevel,modifiedtime,readcount,sigungucode,title,addr1,addr2,tel,zipcode
39.0,A02,A0202,A02020200,127492,12,20031107090000,http://tong.visitkorea.or.kr/cms/resource/99/2729999_image2_1.jpg,http://tong.visitkorea.or.kr/cms/resource/99/2729999_image2_1.jpg,126.4136493056,33.2548917891,6.0,20220509110747,60127.0,3.0,중문관광단지,제주특별자치도 서귀포시 중문관광로 38,(중문관광단지안내소),,63535
39.0,A04,A0401,A04010600,1871028,38,20131213133519,,,126.4424496419,33.2523897416,6.0,20211209110733,4025.0,3.0,중문농수산 / 중문농수산영농조합법인,제주특별자치도 서귀포시 천제연로 355,,064-738-5757,63540
39.0,A04,A0401,A04010400,2708336,38,20210308163655,,,126.4244653377,33.2413184576,6.0,20210308163655,0.0,3.0,중문면세점,제주특별자치도 서귀포시 중문관광로 224,(중문동),,63547
39.0,A02,A0203,A02030400,2738726,12,20210901112301,http://tong.visitkorea.or.kr/cms/resource/81/2740481_image2_1.jpg,http://tong.visitkorea.or.kr/cms/resource/81/2740481_image2_1.jpg,126.3824129349,33.2635097906,6.0,20210906160953,0.0,3.0,중문미로파크,제주특별자치도 서귀포시 상예동 3592-5,,,
39.0,A05,A0502,A05020100,2791425,39,20211210181201,http://tong.visitkorea.or.kr/cms/resource/96/2800696_image2_1.jpg,http://tong.visitkorea.or.kr/cms/resource/96/2800696_image2_1.jpg,126.4250095051,33.2516062199,6.0,20220407093759,0.0,3.0,중문수두리보말칼국수,제주특별자치도 서귀포시 천제연로 192,(중문동),,63546
39.0,A03,A0302,A03021700,2758014,28,20211018103219,http://tong.visitkorea.or.kr/cms/resource/77/2798477_image2_1.jpg,http://tong.visitkorea.or.kr/cms/resource/77/2798477_image2_1.jpg,126.4183711669,33.2527226588,6.0,20211215111728,0.0,3.0,중문진실캠핑장,제주특별자치도 서귀포시 천제연로 132,(중문동),,63546
39.0,A05,A0502,A05020100,2755458,39,20211012094351,http://tong.visitkorea.or.kr/cms/resource/38/2755638_image2_1.jpg,http://tong.visitkorea.or.kr/cms/resource/38/2755638_image2_1.jpg,126.4144741763,33.2574915152,6.0,20211012142733,0.0,3.0,중문칠돈가,제주특별자치도 서귀포시 중문관광로 8,(색달동),,63534
39.0,A03,A0302,A03020600,2767799,28,20211103140947,http://tong.visitkorea.or.kr/cms/resource/50/2772050_image2_1.jpg,http://tong.visitkorea.or.kr/cms/resource/50/2772050_image3_1.jpg,126.3941480104,33.2642793349,6.0,20211110104632,0.0,3.0,중문카트체험장,제주특별자치도 서귀포시 일주서로 1114,(상예동),,63534
39.0,A05,A0502,A05020100,2755449,39,20211012092918,http://tong.visitkorea.or.kr/cms/resource/23/2755623_image2_1.jpg,http://tong.visitkorea.or.kr/cms/resource/23/2755623_image2_1.jpg,126.4134770370,33.2576498152,6.0,20211012142413,0.0,3.0,중문통갈치조림구이 색달식당 (색달식당 중문본점),제주특별자치도 서귀포시 색달중앙로 23,(색달동),,63534
39.0,A05,A0502,A05020100,2758844,39,20211019100342,http://tong.visitkorea.or.kr/cms/resource/92/2758892_image2_1.jpg,http://tong.visitkorea.or.kr/cms/resource/92/2758892_image2_1.jpg,126.4191518851,33.2424043651,6.0,20211019110142,0.0,3.0,중문해녀의집,제주특별자치도 서귀포시 중문관광로 194,(중문동),,63547
39.0,A04,A0401,A04010100,132595,38,20040213090000,,,126.4242345901,33.2507951855,6.0,20220401135250,20852.0,3.0,"중문향토오일시장 (3, 8일)",제주특별자치도 서귀포시 천제연로188번길 12,,064-760-2633,63546
39.0,B02,B0201,B02010700,138606,32,20050524000000,,,126.3836544375,33.2660317533,6.0,20211124180539,17635.0,3.0,중문훼미리리조트,제주특별자치도 서귀포시 소보리당로164번길 83,,064-738-7871,63534
39.0,A01,A0101,A01010400,1918413,12,20140512150731,,,126.9026596819,33.4994309213,6.0,20210531145313,2688.0,4.0,지미봉,제주특별자치도 제주시 구좌읍 종달로1길 91-16,,,63364
39.0,A05,A0502,A05020900,2654186,39,20200423161044,http://tong.visitkorea.or.kr/cms/resource/02/2667502_image2_1.jpg,http://tong.visitkorea.or.kr/cms/resource/02/2667502_image2_1.jpg,126.9674124414,33.4977793773,6.0,20210309140855,0.0,4.0,지미스,제주특별자치도 제주시 우도면 우도해안길 1132,,010-9868-8633,63365
39.0,A02,A0204,A02040800,1874612,12,20131220113815,,,126.6286842945,33.4626805753,,20211209141744,4869.0,4.0,지속가능환경교육센터,제주특별자치도 제주시 송이길 226,(회천동),,63330
39.0,A05,A0502,A05020900,2384971,39,20160524132617,http://tong.visitkorea.or.kr/cms/resource/49/2369549_image2_1.jpg,http://tong.visitkorea.or.kr/cms/resource/49/2369549_image3_1.jpg,126.3078283451,33.2363505061,6.0,20211014164006,2879.0,3.0,지오아라,제주특별자치도 서귀포시 안덕면 사계로114번길 54-86,,010-3013-0851,63528
39.0,B02,B0201,B02010700,733822,32,20090513161919,http://tong.visitkorea.or.kr/cms/resource/48/733248_image2_1.jpg,http://tong.visitkorea.or.kr/cms/resource/48/733248_image3_1.jpg,126.7468003584,33.2829884233,6.0,20211126112335,16376.0,3.0,지중해리조트,제주특별자치도 서귀포시 남원읍 남태해안로 445,,064-764-0110,63617
39.0,A05,A0502,A05020100,404180,39,20080120073413,http://tong.visitkorea.or.kr/cms/resource/19/401519_image2_1.JPG,http://tong.visitkorea.or.kr/cms/resource/19/401519_image2_1.JPG,126.3076174292,33.2283513861,6.0,20220303174753,21942.0,,진미명가,제주특별자치도 서귀포시 안덕면 사계남로 167,,064-794-3639,63528
39.0,A05,A0502,A05020100,1019521,39,20100512105115,http://tong.visitkorea.or.kr/cms/resource/69/2046469_image2_1.jpg,http://tong.visitkorea.or.kr/cms/resource/69/2046469_image3_1.jpg,126.5591646525,33.2466449994,6.0,20211109143147,23864.0,3.0,진주식당,제주특별자치도 서귀포시 태평로 353,,064-762-5158,63592
39.0,A05,A0502,A05020900,2801936,39,20211220141149,,,126.2972301340,33.4465326570,6.0,20211221171448,0.0,4.0,집의기록상점,제주특별자치도 제주시 한림읍 귀덕11길 60,,,63024
39.0,A05,A0502,A05020400,2767786,39,20211103140617,http://tong.visitkorea.or.kr/cms/resource/50/2769150_image2_1.jpg,http://tong.visitkorea.or.kr/cms/resource/50/2769150_image3_1.jpg,126.4978339020,33.4912336621,6.0,20211105151522,0.0,4.0,짬뽕에취한날,제주특별자치도 제주시 귀아랑2길 4,(연동),,63119
39.0,A05,A0502,A05020300,2787852,39,20211207150240,http://tong.visitkorea.or.kr/cms/resource/21/2792421_image2_1.jpg,http://tong.visitkorea.or.kr/cms/resource/21/2792421_image2_1.jpg,126.1833449563,33.3506914765,6.0,20211210190101,0.0,4.0,쪼끄뜨레,제주특별자치도 제주시 한경면 두신로 85,,,63002
39.0,A05,A0502,A05020100,2678833,39,20201026143207,http://tong.visitkorea.or.kr/cms/resource/80/2675180_image2_1.jpg,http://tong.visitkorea.or.kr/cms/resource/80/2675180_image2_1.jpg,126.4904263233,33.4863701932,6.0,20210311103638,0.0,4.0,쭈이빵,제주특별자치도 제주시 연동7길 42,,064-745-8888,63123
39.0,A01,A0101,A01011300,126444,12,20030925000000,http://tong.visitkorea.or.kr/cms/resource/11/198511_image2_1.jpg,http://tong.visitkorea.or.kr/cms/resource/11/198511_image3_1.jpg,126.1475739333,33.3116174625,6.0,20210727163432,44455.0,4.0,차귀도,제주특별자치도 제주시 한경면 고산리,,,63008
39.0,A03,A0303,A03030600,131107,28,20040226000000,http://tong.visitkorea.or.kr/cms/resource/46/1620246_image2_1.jpg,http://tong.visitkorea.or.kr/cms/resource/46/1620246_image3_1.jpg,126.1506180904,33.3126173995,6.0,20211125180616,18577.0,4.0,차귀도 바다낚시,제주특별자치도 제주시 한경면 노을해안로,,064-740-6001,63008
39.0,A03,A0303,A03030300,1952520,28,20140926152215,,,126.1660414972,33.3240052693,6.0,20210823174023,4379.0,4.0,차귀도요트,제주특별자치도 제주시 한경면 한경해안로 156,,,63009
39.0,A05,A0502,A05020100,2805320,39,20220126163956,,,126.5293084674,33.5122179512,6.0,20220222183325,0.0,4.0,착한제주고등어,제주특별자치도 제주시  신산로2길 (25),,,63264
39.0,A05,A0502,A05020100,2763796,39,20211027142547,http://tong.visitkorea.or.kr/cms/resource/60/2764060_image2_1.jpg,http://tong.visitkorea.or.kr/cms/resource/60/2764060_image2_1.jpg,126.5070162384,33.5000133921,6.0,20211027162206,0.0,4.0,착한집,제주특별자치도 제주시 서광로 98,(오라삼동),,63149
39.0,A05,A0502,A05020100,2678854,39,20201026144807,http://tong.visitkorea.or.kr/cms/resource/94/2675194_image2_1.jpg,http://tong.visitkorea.or.kr/cms/resource/94/2675194_image2_1.jpg,126.4935592595,33.4918640800,6.0,20210311104952,0.0,4.0,참맛나흑돼지,제주특별자치도 제주시 신대로8길 29,,064-743-8319,63125
39.0,A05,A0502,A05020100,2807124,39,20220215135535,,,126.1825006155,33.3493277253,6.0,20220215135919,0.0,4.0,채훈이네해장국,제주특별자치도 제주시 한경면 두신로 (69),,,63002
39.0,A03,A0301,A03010100,2661848,28,20200702234113,http://tong.visitkorea.or.kr/cms/resource/42/2661842_image2_1.JPG,http://tong.visitkorea.or.kr/cms/resource/42/2661842_image2_1.JPG,126.4448212233,33.3956517291,6.0,20220610165425,0.0,4.0,천아숲길(한라산둘레길),제주특별자치도 제주시 애월읍 산록서로 678-207,,,63064
39.0,A01,A0101,A01010400,1895611,12,20140218093450,,,126.4528399705,33.3956685213,6.0,20211216092409,2525.0,4.0,천아오름,제주특별자치도 제주시 애월읍 평화로,(애월읍),,63039
39.0,A02,A0201,A02010800,482093,12,20080222223149,http://tong.visitkorea.or.kr/cms/resource/74/2552374_image2_1.bmp,http://tong.visitkorea.or.kr/cms/resource/74/2552374_image2_1.bmp,126.4950471433,33.4077400777,6.0,20220518104042,24703.0,4.0,천왕사(제주),제주특별자치도 제주시 1100로 2528-171,(노형동),,63080
39.0,A05,A0502,A05020100,404182,39,20080120073417,http://tong.visitkorea.or.kr/cms/resource/28/401528_image2_1.jpg,http://tong.visitkorea.or.kr/cms/resource/28/401528_image3_1.jpg,126.4108745060,33.2567248764,6.0,20220315140645,20955.0,3.0,천제연토속음식점,제주특별자치도 서귀포시 천제연로 45,,064-738-3120,63534
39.0,A01,A0101,A01010800,126439,12,20030925090000,http://tong.visitkorea.or.kr/cms/resource/08/2650708_image2_1.jpg,http://tong.visitkorea.or.kr/cms/resource/08/2650708_image3_1.jpg,126.4184294967,33.2526559999,6.0,20220510171518,110150.0,3.0,천제연폭포,제주특별자치도 서귀포시 천제연로 132,(중문동),,63546
39.0,A01,A0101,A01010500,129395,12,20061120090000,http://tong.visitkorea.or.kr/cms/resource/69/2549069_image2_1.jpg,http://tong.visitkorea.or.kr/cms/resource/69/2549069_image3_1.jpg,126.5551177065,33.2499640127,6.0,20220518152219,35947.0,3.0,천지연 걸매생태공원,제주특별자치도 서귀포시 서홍로 4-42,(서홍동),,63594
39.0,B02,B0201,B02011100,2627229,32,20191018154715,,,126.5620756071,33.2423732942,,20201215141748,0.0,3.0,천지연크리스탈호텔,제주특별자치도 서귀포시 천지연로 39,(서귀동),,63596
39.0,A01,A0101,A01010800,126438,12,20030908000000,http://tong.visitkorea.or.kr/cms/resource/96/2612496_image2_1.jpg,http://tong.visitkorea.or.kr/cms/resource/96/2612496_image3_1.jpg,126.5594730066,33.2445341254,6.0,20211216151203,161824.0,3.0,천지연폭포 (제주도 국가지질공원),제주특별자치도 서귀포시 천지동,,,63583
39.0,A01,A0101,A01011400,2767884,12,20211103145528,http://tong.visitkorea.or.kr/cms/resource/68/2769168_image2_1.jpg,http://tong.visitkorea.or.kr/cms/resource/68/2769168_image3_1.jpg,126.9504501553,33.4920241821,6.0,20211105151611,0.0,4.0,천진항,제주특별자치도 제주시 우도면 연평리 1737-15,,,63365
39.0,A05,A0502,A05020400,2825241,39,20220627162118,,,126.2658818550,33.1165130720,6.0,20220627162153,0.0,3.0,철가방을든해녀,제주특별자치도 서귀포시 마라로 85,,,63515
39.0,A01,A0101,A01010500,2742373,12,20210909145151,http://tong.visitkorea.or.kr/cms/resource/19/2742719_image2_1.jpg,http://tong.visitkorea.or.kr/cms/resource/19/2742719_image2_1.jpg,126.2590394503,33.3023007899,6.0,20210909172751,0.0,4.0,청수곶자왈,제주특별자치도 제주시 한경면 연명로 348,,,63006
39.0,A05,A0502,A05020100,1986683,39,20150128162801,http://tong.visitkorea.or.kr/cms/resource/97/1986297_image2_1.jpg,http://tong.visitkorea.or.kr/cms/resource/97/1986297_image2_1.jpg,126.9348910607,33.4630882380,6.0,20211209152733,5323.0,3.0,청운식당,제주특별자치도 서귀포시 성산읍 일출로 285,,064-782-3912,63643
39.0,B02,B0201,B02010700,138017,32,20040227090000,http://tong.visitkorea.or.kr/cms/resource/41/1933841_image2_1.jpg,http://tong.visitkorea.or.kr/cms/resource/41/1933841_image3_1.jpg,126.5717570498,33.2891599519,6.0,20220531135651,16877.0,3.0,청재설헌,제주특별자치도 서귀포시 인정오름로 135-18,,064-732-2020,63580
39.0,A05,A0502,A05020900,2808238,39,20220224111809,,,126.2791190692,33.2659551202,6.0,20220224111845,0.0,3.0,청춘부부,제주특별자치도 서귀포시 추사로38번길 181,,,63520
39.0,A05,A0502,A05020100,133976,39,20020718000000,http://tong.visitkorea.or.kr/cms/resource/83/1937183_image2_1.jpg,http://tong.visitkorea.or.kr/cms/resource/83/1937183_image3_1.jpg,126.6732536664,33.5396505506,6.0,20211220100150,28735.0,4.0,초원흑돼지,제주특별자치도 제주시 조천읍 신북로 598,,064-783-8527,63333
39.0,A02,A0206,A02060100,130363,14,20071106015421,http://tong.visitkorea.or.kr/cms/resource/38/1620238_image2_1.jpg,http://tong.visitkorea.or.kr/cms/resource/38/1620238_image3_1.jpg,126.2300235314,33.2570220058,6.0,20211229093042,35968.0,3.0,초콜릿 박물관,제주특별자치도 서귀포시 대정읍 일주서로3000번길 144,,,63504
39.0,A02,A0202,A02020600,635928,12,20081010145434,,,126.6931798395,33.2901534421,6.0,20211217101232,39221.0,3.0,최남단체험감귤농장,제주특별자치도 서귀포시 남원읍 남위남성로 164,,,63619
39.0,A03,A0303,A03030600,131103,28,20040226000000,,,126.3095287389,33.9501296887,6.0,20211018173624,17184.0,4.0,추자군도,제주특별자치도 제주시 추자면 추자로,(추자면),064-710-3250,63000
39.0,A01,A0101,A01011300,127863,12,20031021090000,,,126.3076233112,33.9518128033,6.0,20220318165825,82261.0,4.0,추자도,제주특별자치도 제주시 추자면,추자도,,63001
39.0,A01,A0101,A01011600,129146,12,20060713000000,http://tong.visitkorea.or.kr/cms/resource/42/870942_image2_1.jpg,http://tong.visitkorea.or.kr/cms/resource/42/870942_image3_1.jpg,126.3184058161,33.9468052006,6.0,20211112132445,22409.0,4.0,추자도 등대,제주특별자치도 제주시 추자면 영흥4길 43,(추자면),,63000
39.0,A05,A0502,A05020100,2778874,39,20211124143125,http://tong.visitkorea.or.kr/cms/resource/19/2800419_image2_1.jpg,http://tong.visitkorea.or.kr/cms/resource/19/2800419_image2_1.jpg,126.2961655744,33.2315564087,6.0,20211216101114,0.0,3.0,춘미향,제주특별자치도 서귀포시 안덕면 산방로 382,,,63528
39.0,A05,A0502,A05020100,2654442,39,20200424142719,http://tong.visitkorea.or.kr/cms/resource/80/2655480_image2_1.jpg,http://tong.visitkorea.or.kr/cms/resource/80/2655480_image2_1.jpg,126.3705528309,33.2645067162,6.0,20211222173106,0.0,3.0,춘심이네,제주특별자치도 서귀포시 안덕면 창천중앙로24번길 16,,064-794-4010,63532
39.0,B02,B0201,B02011100,2624249,32,20191011173136,,,126.9127177787,33.4718785742,6.0,20211122175004,0.0,3.0,취다선리조트(취다선 리조트 Tea&Meditation),제주특별자치도 서귀포시 성산읍 해맞이해안로 2688,,010-5117-7552,63639
39.0,A05,A0502,A05020100,2678815,39,20201026141924,http://tong.visitkorea.or.kr/cms/resource/71/2675171_image2_1.jpg,http://tong.visitkorea.or.kr/cms/resource/71/2675171_image2_1.jpg,126.5107325297,33.5023326385,6.0,20210311102137,0.0,4.0,칠돈가,제주특별자치도 제주시 서천길 1,,064-727-9092,63163
39.0,A05,A0502,A05020100,2783449,39,20211130104706,http://tong.visitkorea.or.kr/cms/resource/41/2784641_image2_1.jpg,http://tong.visitkorea.or.kr/cms/resource/41/2784641_image2_1.jpg,126.4960703202,33.4844649392,6.0,20211201144039,0.0,4.0,칠돈가 제주공항직영점,제주특별자치도 제주시 신대로 144,(연동),,63133
39.0,B02,B0201,B02011100,2627908,32,20191021132445,,,126.5612422374,33.2472116357,,20201214142132,0.0,3.0,칠십리호텔,제주특별자치도 서귀포시 태평로353번길 22-3,(서귀동),,63595
39.0,A01,A0101,A01010700,741109,12,20090526110728,http://tong.visitkorea.or.kr/cms/resource/31/2616831_image2_1.jpg,http://tong.visitkorea.or.kr/cms/resource/31/2616831_image3_1.jpg,126.3682663519,33.2898983201,6.0,20211221092904,53837.0,3.0,카멜리아힐,제주특별자치도 서귀포시 안덕면 병악로 166,,,63526
39.0,B02,B0201,B02010600,1894633,32,20140213164410,,,126.2413195468,33.3921266889,6.0,20211214181246,4443.0,4.0,카이 호스텔,제주특별자치도 제주시 한림읍 협재2길 10,,064-796-2428,63011
39.0,B02,B0201,B02011100,2667643,32,20200818145818,,,126.2412473291,33.3922238993,,20200818152129,0.0,4.0,카이 호스텔,제주특별자치도 제주시 한림읍 협재2길 10,,,63011
39.0,B02,B0201,B02010700,2405466,32,20160825170518,http://tong.visitkorea.or.kr/cms/resource/47/2405447_image2_1.jpg,http://tong.visitkorea.or.kr/cms/resource/47/2405447_image2_1.jpg,126.4003238855,33.4491617714,6.0,20211231102849,2808.0,4.0,카이로스,제주특별자치도 제주시 애월읍 장유길 49-43,,010-7478-5707,63055
39.0,A05,A0502,A05020900,2802732,39,20211223153819,,,126.5225233880,33.2464388857,6.0,20211228155709,0.0,3.0,카페 귤꽃다락,제주특별자치도 서귀포시 이어도로1027번길 34,,,63571
39.0,A05,A0502,A05020900,2763746,39,20211027140452,,,126.6721257685,33.4275129369,6.0,20211027140655,0.0,4.0,카페 말로,제주특별자치도 제주시 조천읍 남조로 1785-12,,,63345
39.0,A05,A0502,A05020900,2785506,39,20211202171840,,,126.3641764435,33.4751860964,,20211203113150,0.0,4.0,카페 쌀쌀,제주특별자치도 제주시 애월읍 신엄로 51,1층,,63047
39.0,A05,A0502,A05020900,2783386,39,20211130101316,http://tong.visitkorea.or.kr/cms/resource/00/2784600_image2_1.jpg,http://tong.visitkorea.or.kr/cms/resource/00/2784600_image2_1.jpg,126.8799727482,33.3791188448,6.0,20211201143534,0.0,3.0,카페 아오오,제주특별자치도 서귀포시 성산읍 환해장성로 75,,,63634
39.0,A05,A0502,A05020900,2791230,39,20211209165230,http://tong.visitkorea.or.kr/cms/resource/40/2791240_image2_1.jpg,http://tong.visitkorea.or.kr/cms/resource/40/2791240_image2_1.jpg,126.9084129597,33.4561052475,6.0,20211209165517,0.0,3.0,카페 이스틀리,제주특별자치도 서귀포시 성산읍 산성효자로114번길 131-1,,,63639
39.0,A05,A0502,A05020900,2811460,39,20220321005619,http://tong.visitkorea.or.kr/cms/resource/54/2811454_image2_1.jpg,http://tong.visitkorea.or.kr/cms/resource/54/2811454_image2_1.jpg,126.9552580701,33.4921103615,6.0,20220524172509,0.0,4.0,카페 톨칸이,제주특별자치도 제주시 우도해안길 32-2,,,63365
39.0,A05,A0502,A05020900,1984545,39,20150116135908,http://tong.visitkorea.or.kr/cms/resource/82/1937982_image2_1.jpg,http://tong.visitkorea.or.kr/cms/resource/82/1937982_image3_1.jpg,126.3933716469,33.4520780052,6.0,20211229145442,3926.0,4.0,카페 하루하나,제주특별자치도 제주시 애월읍 장전로 155,,070-7788-7170,63055
39.0,A05,A0502,A05020900,1945496,39,20140901130952,http://tong.visitkorea.or.kr/cms/resource/64/1944464_image2_1.jpg,http://tong.visitkorea.or.kr/cms/resource/64/1944464_image3_1.jpg,126.8986490601,33.4933009790,6.0,20211112170900,3862.0,4.0,카페동네,제주특별자치도 제주시 구좌읍 종달로5길 23,,070-8900-6621,63364
39.0,A05,A0502,A05020900,2785334,39,20211202140859,http://tong.visitkorea.or.kr/cms/resource/39/2785339_image2_1.jpg,http://tong.visitkorea.or.kr/cms/resource/39/2785339_image2_1.jpg,126.8396699040,33.5339788601,6.0,20211207145736,0.0,4.0,카페리,제주특별자치도 제주시 구좌읍 평대2길 39,,,63360
39.0,A05,A0502,A05020900,2678733,39,20201026225208,http://tong.visitkorea.or.kr/cms/resource/55/2675155_image2_1.jpg,http://tong.visitkorea.or.kr/cms/resource/55/2675155_image2_1.jpg,126.5642531366,33.2450313688,6.0,20220413152913,0.0,3.0,카페메이비,제주특별자치도 서귀포시 이중섭로 34,(서귀동),070-4143-0639,63595
39.0,A05,A0502,A05020900,2782858,39,20211129141843,http://tong.visitkorea.or.kr/cms/resource/63/2783163_image2_1.jpg,http://tong.visitkorea.or.kr/cms/resource/63/2783163_image2_1.jpg,126.7279706776,33.5595936669,6.0,20211129164530,0.0,4.0,카페모알보알 제주점,제주특별자치도 제주시 구좌읍 구좌해안로 141,,,63348
39.0,A05,A0502,A05020900,2753045,39,20211005144011,http://tong.visitkorea.or.kr/cms/resource/38/2753538_image2_1.jpg,http://tong.visitkorea.or.kr/cms/resource/38/2753538_image2_1.jpg,126.6555891188,33.2694523481,6.0,20211006100526,0.0,3.0,카페서연의집,제주특별자치도 서귀포시 남원읍 위미해안로 86,,,63611
39.0,A05,A0502,A05020900,2385005,39,20160524144916,,,126.9292914270,33.4682431337,6.0,20211103135325,3248.0,3.0,카페코지,제주특별자치도 서귀포시 성산읍 한도로 200,,064-784-1005,63643
39.0,A05,A0502,A05020600,2825254,39,20220627174821,,,126.5629281487,33.2496002884,6.0,20220627175001,0.0,3.0,칸스,제주특별자치도 서귀포시 중정로61번길 20,,,63591
39.0,A02,A0206,A02060300,1893901,14,20140212105021,,,126.7005665574,33.4795798579,6.0,20211217095821,4498.0,4.0,캐릭파크,제주특별자치도 제주시 조천읍 선교로 264,,,63341
39.0,A03,A0302,A03020700,131269,28,20040223090000,http://tong.visitkorea.or.kr/cms/resource/34/1950634_image2_1.jpg,http://tong.visitkorea.or.kr/cms/resource/34/1950634_image3_1.jpg,126.3488696895,33.3402563388,6.0,20220609140003,18556.0,3.0,캐슬렉스제주 골프클럽,제주특별자치도 서귀포시 안덕면 평화로 1241,(안덕면),,63523
39.0,A03,A0302,A03021700,2739407,28,20210902132819,http://tong.visitkorea.or.kr/cms/resource/72/2739872_image2_1.jpg,http://tong.visitkorea.or.kr/cms/resource/72/2739872_image2_1.jpg,126.6007682153,33.2984177241,6.0,20210903093954,0.0,3.0,캠파제주,제주특별자치도 서귀포시 516로 574-23,(상효동),,63602
39.0,A05,A0502,A05020200,2807387,39,20220216153311,,,126.4593011267,33.2448325080,6.0,20220216162006,0.0,3.0,커뮤니테이블,제주특별자치도 서귀포시  월평로 (15),,,63562
39.0,A05,A0502,A05020900,2782867,39,20211129142111,http://tong.visitkorea.or.kr/cms/resource/87/2783187_image2_1.jpg,http://tong.visitkorea.or.kr/cms/resource/87/2783187_image2_1.jpg,126.5702612374,33.4781862605,6.0,20211129164656,0.0,4.0,커피템플,제주특별자치도 제주시 영평길 269,(월평동),,63311
39.0,A05,A0502,A05020900,2737284,39,20210830094906,http://tong.visitkorea.or.kr/cms/resource/42/2737542_image2_1.jpg,http://tong.visitkorea.or.kr/cms/resource/42/2737542_image2_1.jpg,126.3072216792,33.2886863834,6.0,20210830164810,0.0,3.0,커피프렌즈촬영지,제주특별자치도 서귀포시 안덕면 중산간서로 2026,,,63521
39.0,B02,B0201,B02010500,137369,32,20040422000000,http://tong.visitkorea.or.kr/cms/resource/40/1341140_image2_1.jpg,http://tong.visitkorea.or.kr/cms/resource/40/1341140_image3_1.jpg,126.4890126926,33.2335425563,6.0,20211228134236,29196.0,3.0,켄싱턴리조트 서귀포,제주특별자치도 서귀포시 이어도로 684,,064-739-9001,63564
39.0,B02,B0201,B02010500,137368,32,20031229000000,,,126.2744934632,33.4358195964,6.0,20211020111745,31666.0,4.0,켄싱턴리조트 제주한림,제주특별자치도 제주시 한림읍 한림해안로 530,,064-796-9600,63024
39.0,B02,B0201,B02010500,1882274,32,20140106134049,,,126.9101099660,33.4591021658,6.0,20210707164437,4766.0,3.0,코델리아리조트,제주특별자치도 서귀포시 성산읍 일주동로4120번길 23-20,,070-4548-2200,63639
39.0,A05,A0502,A05020200,2654157,39,20200423150819,http://tong.visitkorea.or.kr/cms/resource/87/2656087_image2_1.jpg,http://tong.visitkorea.or.kr/cms/resource/87/2656087_image2_1.jpg,126.9577740316,33.5131608533,6.0,20210719170525,0.0,4.0,코코마마,제주특별자치도 제주시 우도면 우도해안길 816,,064-784-8116,63365
39.0,A05,A0502,A05020200,2755466,39,20211012094756,http://tong.visitkorea.or.kr/cms/resource/52/2755652_image2_1.jpg,http://tong.visitkorea.or.kr/cms/resource/52/2755652_image2_1.jpg,126.9343189349,33.4610523426,6.0,20211012142840,0.0,3.0,코코마마,제주특별자치도 서귀포시 성산읍 일출로 258-11,,,63643
39.0,A02,A0202,A02020600,2609181,12,20190703110831,http://tong.visitkorea.or.kr/cms/resource/79/2609179_image2_1.bmp,http://tong.visitkorea.or.kr/cms/resource/79/2609179_image2_1.bmp,126.7052763696,33.2744387019,6.0,20210910090223,0.0,3.0,코코몽에코파크 (제주),제주특별자치도 서귀포시 남원읍 태위로 536,,,63620
39.0,A05,B0201,,2814169,32,20220318171347,http://tong.visitkorea.or.kr/cms/resource/41/2811341_image2_1.jpg,http://tong.visitkorea.or.kr/cms/resource/41/2811341_image2_1.jpg,126.8651429381,33.4026187891,6.0,20220426100655,0.0,3.0,쿠지홀리데이 [한국관광 품질인증/Korea Quality],제주특별자치도 서귀포시 난산로 100,,010-5347-8733,63632
39.0,A03,A0302,A03020700,131649,28,20030605000000,http://tong.visitkorea.or.kr/cms/resource/55/599155_image2_1.jpg,http://tong.visitkorea.or.kr/cms/resource/55/599155_image3_1.jpg,126.6952159042,33.5284188131,6.0,20211208163528,17520.0,4.0,크라운컨트리클럽,제주특별자치도 제주시 조천읍 북선로 125,(조천읍),064-784-4811,63339
39.0,A05,A0502,A05020900,2783393,39,20211130101709,http://tong.visitkorea.or.kr/cms/resource/05/2784605_image2_1.jpg,http://tong.visitkorea.or.kr/cms/resource/05/2784605_image2_1.jpg,126.2797051883,33.2633054229,6.0,20211208143337,0.0,3.0,크래커스 대정점,제주특별자치도 서귀포시 대정읍 보성구억로126번길 34,,,63520
39.0,A05,A0502,A05020100,133990,39,20040103000000,http://tong.visitkorea.or.kr/cms/resource/69/1619869_image2_1.jpg,http://tong.visitkorea.or.kr/cms/resource/69/1619869_image3_1.jpg,126.4382280753,33.2394161069,6.0,20211015170007,24540.0,3.0,큰갯물횟집,제주특별자치도 서귀포시 대포로 161,,064-738-1625,63544
39.0,A01,A0101,A01010400,2738712,12,20210901105941,http://tong.visitkorea.or.kr/cms/resource/52/2740652_image2_1.jpg,http://tong.visitkorea.or.kr/cms/resource/52/2740652_image2_1.jpg,126.4158515939,33.3922627569,6.0,20210906171035,0.0,4.0,큰노꼬메(큰노꼬메오름),제주 제주시 애월읍 유수암리 산138,,,
39.0,A02,A0206,A02060300,2752129,14,20210930154859,http://tong.visitkorea.or.kr/cms/resource/01/2752201_image2_1.jpg,http://tong.visitkorea.or.kr/cms/resource/01/2752201_image2_1.jpg,126.3072216792,33.2886863834,,20210930164718,0.0,3.0,클랭블루,제주특별자치도 서귀포시 안덕면 중산간서로 2026,,,63521
39.0,B02,B0201,B02010700,660876,32,20081202143412,http://tong.visitkorea.or.kr/cms/resource/77/666077_image2_1.jpg,http://tong.visitkorea.or.kr/cms/resource/77/666077_image3_1.jpg,126.3512637615,33.4714751921,6.0,20211213142802,31828.0,4.0,클럽다인리조트,제주특별자치도 제주시 애월읍 애월해안로 400-9,,064-799-2600,63046
39.0,A05,A0502,A05020300,2781493,39,20211126101243,http://tong.visitkorea.or.kr/cms/resource/28/2795028_image2_1.jpg,http://tong.visitkorea.or.kr/cms/resource/28/2795028_image2_1.jpg,126.4052934695,33.4237841031,6.0,20211214092723,0.0,4.0,키친아루요,제주특별자치도 제주시 애월읍 유수암평화5길 15-8,,,63067
39.0,B02,B0201,B02010700,1882504,32,20140106170258,,,126.8866921967,33.4744889754,6.0,20211129173646,4430.0,3.0,킴스캐빈,제주특별자치도 서귀포시 성산읍 시흥상동로53번길 88-54,,064-783-5026,63638
39.0,B02,B0201,B02010500,984562,32,20100324112041,,,126.3856635358,33.3482949189,6.0,20211210105511,18638.0,4.0,타미우스골프&빌리지,제주특별자치도 제주시 애월읍 화전길 201,,064-793-0707,63040
39.0,A02,A0207,A02070200,140930,15,20051011000000,http://tong.visitkorea.or.kr/cms/resource/16/2728016_image2_1.PNG,http://tong.visitkorea.or.kr/cms/resource/16/2728016_image2_1.PNG,126.5340304840,33.5032134683,6.0,20210727181740,36066.0,4.0,탐라문화제,제주특별자치도 제주시 동광로 51,(이도일동),064-753-3287,63196
39.0,A03,A0302,A03021100,131604,28,20020812000000,http://tong.visitkorea.or.kr/cms/resource/93/1618393_image2_1.jpg,http://tong.visitkorea.or.kr/cms/resource/93/1618393_image3_1.jpg,126.7169550866,33.4330602647,6.0,20210804173853,19089.0,4.0,탐라승마장,제주특별자치도 제주시 조천읍 비자림로 1044,,,63346
39.0,A02,A0202,A02020700,2788436,12,20211208023959,http://tong.visitkorea.or.kr/cms/resource/85/2799785_image2_1.jpg,http://tong.visitkorea.or.kr/cms/resource/85/2799785_image2_1.jpg,126.5251198075,33.5181894454,6.0,20220701151914,0.0,4.0,탑동광장,제주특별자치도 제주시 중앙로 1,(건입동),,63276
39.0,A05,A0502,A05020100,2767779,39,20211103140340,,,126.5188093708,33.5126399595,6.0,20211208142554,0.0,4.0,태광식당,제주특별자치도 제주시 탑동로 144,(용담일동),,63153
39.0,A02,A0206,A02060100,130317,14,20071106105206,http://tong.visitkorea.or.kr/cms/resource/45/1617145_image2_1.jpg,http://tong.visitkorea.or.kr/cms/resource/45/1617145_image3_1.jpg,126.4102024105,33.2536335404,6.0,20220602175113,41478.0,3.0,테디베어뮤지엄 제주,제주특별자치도 서귀포시 중문관광로110번길 31,(색달동),064-738-7600,63535
39.0,A05,A0502,A05020100,1996781,39,20150410152852,http://tong.visitkorea.or.kr/cms/resource/46/1993746_image2_1.jpg,http://tong.visitkorea.or.kr/cms/resource/46/1993746_image2_1.jpg,126.6773223286,33.4367758851,6.0,20210927151557,4857.0,4.0,토계정,제주특별자치도 제주시 조천읍 교래3길 1,,064-783-2297,63346
39.0,A05,A0502,A05020100,2763806,39,20211027143121,http://tong.visitkorea.or.kr/cms/resource/74/2764074_image2_1.jpg,http://tong.visitkorea.or.kr/cms/resource/74/2764074_image2_1.jpg,126.4921226623,33.5188305158,6.0,20211027162302,0.0,4.0,토끼와거북이,제주특별자치도 제주시 서해안로 498-6,"(용담삼동,블루문)",,63114
39.0,B02,B0201,B02010500,137476,32,20040902000000,http://tong.visitkorea.or.kr/cms/resource/08/2650208_image2_1.jpg,http://tong.visitkorea.or.kr/cms/resource/08/2650208_image2_1.jpg,126.3117312768,33.4631615996,6.0,20210127095700,59509.0,4.0,토비스콘도 제주,제주특별자치도 제주시 애월읍 애월로1길 8,,064-799-4400,63043
39.0,A02,A0203,A02030400,2738729,12,20210901122440,http://tong.visitkorea.or.kr/cms/resource/30/2740530_image2_1.jpg,http://tong.visitkorea.or.kr/cms/resource/30/2740530_image2_1.jpg,126.3453732459,33.3190058545,6.0,20210906162120,0.0,3.0,토이파크,제주특별자치도 서귀포시 안덕면 동광로 267-7,,,63523
39.0,A05,A0502,A05020900,2738653,39,20210901095646,http://tong.visitkorea.or.kr/cms/resource/65/2740565_image2_1.jpg,http://tong.visitkorea.or.kr/cms/resource/65/2740565_image2_1.jpg,126.4131000861,33.4698485725,6.0,20210929160228,0.0,4.0,토토아뜰리에,제주특별자치도 제주시 애월읍 고성북길 112,,,63057
39.0,B02,B0201,B02010700,137957,32,20040923000000,,,126.7121889669,33.3050243273,6.0,20211123101611,20489.0,3.0,티파니에서 아침을,제주특별자치도 서귀포시 남원읍 서의로154번길 12,,064-764-9669,63618
39.0,B02,B0201,B02010700,2623579,32,20191009003000,http://tong.visitkorea.or.kr/cms/resource/69/2811269_image2_1.JPG,http://tong.visitkorea.or.kr/cms/resource/69/2811269_image2_1.JPG,126.2371217184,33.3109494910,,20220330175930,0.0,4.0,틸다하우스  [한국관광 품질인증/Korea Quality],제주특별자치도 제주시 한경면 중산간서로 3367-1,,010-7628-0037,63007
39.0,A02,A0202,A02020600,2753082,12,20211005150558,http://tong.visitkorea.or.kr/cms/resource/72/2753572_image2_1.jpg,http://tong.visitkorea.or.kr/cms/resource/72/2753572_image2_1.jpg,126.3647390979,33.2801410085,6.0,20211006100934,0.0,3.0,파더스가든,제주특별자치도 서귀포시 안덕면 병악로 44-33,,,63526
39.0,B02,B0201,B02011100,2626803,32,20191017153736,,,126.4380141699,33.2409825974,,20211129094153,0.0,3.0,파밀리아,제주특별자치도 서귀포시 대포동서로 63-20,,,63544
39.0,A05,A0502,A05020200,2561766,39,20181001161316,http://tong.visitkorea.or.kr/cms/resource/39/2561939_image2_1.jpg,http://tong.visitkorea.or.kr/cms/resource/39/2561939_image2_1.jpg,126.3178371034,33.3030766268,6.0,20211231111417,456.0,3.0,파크사이드 다이닝,제주특별자치도 서귀포시 안덕면 신화역사로304번길 89,,064-908-1610,63522
39.0,A01,A0101,A01011400,2785869,12,20211206093430,http://tong.visitkorea.or.kr/cms/resource/12/2792112_image2_1.jpg,http://tong.visitkorea.or.kr/cms/resource/12/2792112_image2_1.jpg,126.1996321009,33.3654401002,6.0,20211210163424,0.0,4.0,판포포구,제주특별자치도 제주시 한경면 판포리 2877-3,,,63003
39.0,B02,B0201,B02010100,2405964,32,20160830003849,,,126.4907675222,33.2591730893,6.0,20220328141821,2016.0,3.0,팜밸리리조트,제주특별자치도 서귀포시 중산간서로 193,(강정동),"064-738-0002, 064-738-7705",63558
39.0,A03,A0302,A03021700,2761959,28,20211025163433,http://tong.visitkorea.or.kr/cms/resource/97/2798497_image2_1.jpg,http://tong.visitkorea.or.kr/cms/resource/97/2798497_image2_1.jpg,126.4725799912,33.2689661655,6.0,20211215111816,0.0,3.0,팜핑제주,제주특별자치도 서귀포시 중산간서로400번길 105,(도순동),,63555
39.0,A04,A0401,A04010800,2785877,38,20211206094122,http://tong.visitkorea.or.kr/cms/resource/26/2792126_image2_1.jpg,http://tong.visitkorea.or.kr/cms/resource/26/2792126_image2_1.jpg,126.3550077410,33.4776578999,6.0,20211210163910,0.0,4.0,팰롱팰롱빛나는,제주특별자치도 제주시 애월읍 애월해안로 474,,,63047
39.0,A02,A0202,A02020600,126466,12,20031104090000,http://tong.visitkorea.or.kr/cms/resource/68/2587868_image2_1.bmp,http://tong.visitkorea.or.kr/cms/resource/68/2587868_image2_1.bmp,126.4156521304,33.2450179104,6.0,20220223104939,39945.0,3.0,퍼시픽 리솜,제주특별자치도 서귀포시 중문관광로 154-17,,,63535
39.0,B02,B0201,B02011100,2621969,32,20190930172511,,,126.3859881372,33.2405179405,,20191118151806,0.0,3.0,펜션연리,제주특별자치도 서귀포시 논짓물로 50,(하예동),064-739-2564,63538
39.0,B02,B0201,B02010600,1893137,32,20140211162426,,,126.9081014524,33.4744809898,6.0,20211129173202,3619.0,3.0,펠리스타운,제주특별자치도 서귀포시 성산읍 시흥하동로50번길 23,,064-782-4003,63638
39.0,A01,A0101,A01011200,2723555,12,20210625235940,,,126.8406003954,33.5332400681,6.0,20220629150901,0.0,4.0,평대해변,제주특별자치도 제주시 구좌읍 평대리 1994-20,,,
39.0,A02,A0201,A02010800,1621032,12,20120503020614,http://tong.visitkorea.or.kr/cms/resource/09/1618409_image2_1.jpg,http://tong.visitkorea.or.kr/cms/resource/09/1618409_image3_1.jpg,126.6362431688,33.5319646966,6.0,20220519171511,19039.0,4.0,평화통일 불사리탑,제주특별자치도 제주시 조천읍 일주동로 884,(조천읍),,63335
39.0,B02,B0201,B02010900,1894943,32,20140214161459,,,126.3900000445,33.3136960332,6.0,20211213164605,28990.0,3.0,포도호텔,제주특별자치도 서귀포시 안덕면 산록남로 863,,대표 064-792-5200<br />예약 064-792-8000,63525
39.0,A02,A0203,A02030400,2751986,12,20210930213259,http://tong.visitkorea.or.kr/cms/resource/85/2751985_image2_1.jpg,http://tong.visitkorea.or.kr/cms/resource/85/2751985_image2_1.jpg,126.7095828183,33.4630929367,6.0,20220408133614,0.0,4.0,포레스트사파리,제주특별자치도 제주시 조천읍 선교로 474-1,,,63341
39.0,B02,B0201,B02010700,2623578,32,20191008151721,,,126.2647341855,33.3917604304,,20200331105330,0.0,4.0,포에마,제주특별자치도 제주시 한림읍 명월로 13,,010-8827-4101,63014
39.0,A01,A0101,A01010400,1918421,12,20140512153159,,,126.3833969515,33.3534165394,6.0,20210722163723,2589.0,4.0,폭낭오름,제주특별자치도 제주시 애월읍 화전길,(봉성리) 일원,,63040
39.0,A04,A0401,A04010100,132160,38,20020424000000,,,126.8302977947,33.3221604411,6.0,20210806170357,15565.0,3.0,"표선 5일시장 (2, 7일)",제주특별자치도 서귀포시 표선면 세성로 352-38,(표선면),064-760-4475,63625
39.0,A01,A0101,A01011200,128794,12,20060220090000,http://tong.visitkorea.or.kr/cms/resource/01/1618201_image2_1.jpg,http://tong.visitkorea.or.kr/cms/resource/01/1618201_image3_1.jpg,126.8396357961,33.3256435401,6.0,20220525130633,44030.0,3.0,표선 해비치 해변,제주특별자치도 서귀포시 표선면 민속해안로,(표선리),,63629
39.0,A03,A0302,A03022700,2704452,28,20210122002901,,,126.8083862046,33.3045175907,6.0,20220419145638,0.0,3.0,표선해안도로,제주특별자치도 서귀포시 표선면 민속해안로 73,,,63625
39.0,B02,B0201,B02010700,733902,32,20090513165010,http://tong.visitkorea.or.kr/cms/resource/41/733341_image2_1.jpg,http://tong.visitkorea.or.kr/cms/resource/41/733341_image3_1.jpg,126.9345132486,33.4659879111,6.0,20211210112352,26601.0,3.0,푸른제주 펜션,제주특별자치도 서귀포시 성산읍 한도로 256,,064-783-4830,63643
39.0,B02,B0201,B02010700,1887546,32,20140121134515,,,126.4050490077,33.4254894659,6.0,20211231132239,6878.0,4.0,프레리아펜션,제주특별자치도 제주시 애월읍 유수암평화5길 34-29,,010-9282-7042,63067
39.0,B02,B0201,B02010500,2757210,32,20211014193628,http://tong.visitkorea.or.kr/cms/resource/54/2642354_image2_1.jpg,http://tong.visitkorea.or.kr/cms/resource/54/2642354_image3_1.jpg,126.9182122544,33.4498866488,6.0,20220614173607,0.0,3.0,플레이스 캠프 제주,제주특별자치도 서귀포시 성산읍 동류암로 20,,,63640
39.0,A02,A0206,A02060100,2606211,14,20190613005143,http://tong.visitkorea.or.kr/cms/resource/40/2608440_image2_1.bmp,http://tong.visitkorea.or.kr/cms/resource/40/2608440_image2_1.bmp,126.3553982011,33.2819712150,6.0,20220427154114,0.0,3.0,피규어뮤지엄 제주,제주특별자치도 서귀포시 안덕면 한창로 243,,,63526
39.0,A05,A0502,A05020900,2788094,39,20211207161632,http://tong.visitkorea.or.kr/cms/resource/61/2791961_image2_1.jpg,http://tong.visitkorea.or.kr/cms/resource/61/2791961_image2_1.jpg,126.5720713618,33.5146600302,6.0,20211210154845,0.0,4.0,픽스커피 공단점,제주특별자치도 제주시 청풍남8길 55,(화북이동),,63300
39.0,A03,A0302,A03020700,131606,28,20040218000000,,,126.3878112658,33.3172733815,6.0,20211210103454,18140.0,3.0,핀크스 골프클럽,제주특별자치도 서귀포시 안덕면 산록남로 863,(안덕면),064-792-5200,63525
39.0,A05,A0502,A05020100,2758847,39,20211019101153,http://tong.visitkorea.or.kr/cms/resource/90/2759090_image2_1.jpg,http://tong.visitkorea.or.kr/cms/resource/90/2759090_image2_1.jpg,126.3090064872,33.4643336494,6.0,20211027143049,0.0,4.0,하갈비국수,제주특별자치도 제주시 애월읍 애월북서길 52,,,63043
39.0,A01,A0101,A01011200,591798,12,20080723010727,http://tong.visitkorea.or.kr/cms/resource/04/1620304_image2_1.jpg,http://tong.visitkorea.or.kr/cms/resource/04/1620304_image3_1.jpg,126.9574573668,33.5142746145,6.0,20220621173439,26590.0,4.0,하고수동해변,제주특별자치도 제주시 우도면 연평리,,,63365
39.0,A01,A0101,A01011100,2791501,12,20211210094402,http://tong.visitkorea.or.kr/cms/resource/42/2800542_image2_1.jpg,http://tong.visitkorea.or.kr/cms/resource/42/2800542_image2_1.jpg,126.3424700904,33.4710862073,6.0,20211216101839,0.0,4.0,하귀애월해안도로,제주 제주시 애월읍 고내리 445-3,,,63046
39.0,A05,A0502,A05020600,2823379,39,20220610133944,,,,,,20220610133956,0.0,4.0,하노이안브라더스,,,,
39.0,A01,A0101,A01010400,1923590,12,20140603171023,,,126.3936022330,33.3260725001,6.0,20210901151912,1641.0,3.0,하늬복이오름,제주특별자치도 서귀포시 안덕면 상천리 산89-1,,,63523
39.0,B02,B0201,B02010100,142971,32,20030806000000,http://tong.visitkorea.or.kr/cms/resource/60/1339960_image2_1.jpg,http://tong.visitkorea.or.kr/cms/resource/60/1339960_image3_1.jpg,126.5275532246,33.5051714812,6.0,20211214163559,27973.0,4.0,하니크라운호텔,제주특별자치도 제주시 삼성로 10,(이도일동),064-758-4200,63197
39.0,A02,A0203,A02030100,2023328,12,20150811094610,,,126.9040729746,33.5199453433,6.0,20211108091140,7221.0,4.0,하도어촌체험마을,제주특별자치도 제주시 구좌읍 해맞이해안로,(구좌읍),,63363
39.0,A01,A0101,A01011200,2704435,12,20210121202742,,,126.8988152454,33.5135348561,6.0,20220622173323,0.0,4.0,하도해변,제주특별자치도 제주시 구좌읍 해맞이해안로 1973,,,63363
39.0,A02,A0203,A02030400,2765280,12,20211101104215,http://tong.visitkorea.or.kr/cms/resource/56/2772556_image2_1.jpg,http://tong.visitkorea.or.kr/cms/resource/56/2772556_image3_1.jpg,126.6165503401,33.2913520887,6.0,20211110161816,0.0,3.0,하례감귤체험농장,제주특별자치도 서귀포시 남원읍 하례로 504,,,63607
39.0,A05,A0502,A05020100,404185,39,20080119223425,http://tong.visitkorea.or.kr/cms/resource/29/401529_image2_1.jpg,http://tong.visitkorea.or.kr/cms/resource/29/401529_image3_1.jpg,126.2558108700,33.2258786262,6.0,20211213150413,21187.0,3.0,하르방밀면,제주특별자치도 서귀포시 대정읍 동일하모로 229,,064-794-5000,63508
39.0,A02,A0205,A02050200,1620997,12,20120502162500,http://tong.visitkorea.or.kr/cms/resource/18/1954918_image2_1.jpg,http://tong.visitkorea.or.kr/cms/resource/18/1954918_image3_1.jpg,126.3146500324,33.2337481229,6.0,20211209140502,18197.0,3.0,하멜기념비,제주특별자치도 서귀포시 안덕면 사계리 112-3,,,63528
39.0,A02,A0206,A02060300,130542,14,20050124090000,http://tong.visitkorea.or.kr/cms/resource/03/1620203_image2_1.jpg,http://tong.visitkorea.or.kr/cms/resource/03/1620203_image3_1.jpg,126.3137501186,33.2334120350,6.0,20220329174628,45028.0,3.0,하멜상선전시관,제주특별자치도 서귀포시 안덕면 사계남로216번길 24-30,(안덕면),,63528
39.0,A01,A0101,A01011200,1620883,12,20120502233106,,,126.2618662177,33.2115275274,6.0,20220322164902,25223.0,3.0,하모해변,제주특별자치도 서귀포시 대정읍 최남단해안로,(하모리),,63513
39.0,B02,B0201,B02010700,1893993,32,20140212161840,,,126.8339727197,33.3115200069,6.0,20211014164943,4588.0,3.0,하얀언덕,제주특별자치도 서귀포시 표선면 민속해안로 351,,010-3665-8201,63629
39.0,A03,A0302,A03022700,2806554,28,20220209151019,http://tong.visitkorea.or.kr/cms/resource/69/2549069_image2_1.jpg,http://tong.visitkorea.or.kr/cms/resource/69/2549069_image3_1.jpg,126.5597977665,33.2539525361,6.0,20220218103512,0.0,3.0,하영올레 1코스,"제주특별자치도 서귀포시  중앙로 (105, 서귀포시청)",,,63584
39.0,A03,A0302,A03022700,2806555,28,20220209152623,,,126.5597977665,33.2539525361,6.0,20220209152726,0.0,3.0,하영올레 2코스,"제주특별자치도 서귀포시  중앙로 (105, 서귀포시청)",,,63584
39.0,A03,,,2806561,28,20220209155100,,,126.5597977665,33.2539525361,6.0,20220209155338,0.0,3.0,하영올레 3코스,"제주특별자치도 서귀포시  중앙로 (105, 서귀포시청)",,,63584
39.0,B02,B0201,B02010100,142944,32,20030806000000,http://tong.visitkorea.or.kr/cms/resource/80/1339980_image2_1.jpg,http://tong.visitkorea.or.kr/cms/resource/80/1339980_image3_1.jpg,126.4914707498,33.4831344575,6.0,20211214162833,26021.0,4.0,하와이관광호텔,제주특별자치도 제주시 사장3길 32,,064-742-0061,63136
39.0,A01,A0101,A01011400,2767885,12,20211103150005,http://tong.visitkorea.or.kr/cms/resource/96/2769196_image2_1.jpg,http://tong.visitkorea.or.kr/cms/resource/96/2769196_image3_1.jpg,126.9431309349,33.5097526593,6.0,20211105151749,0.0,4.0,하우목동항,제주특별자치도 제주시 우도면 우도해안길 353,,,63365
39.0,A05,A0502,A05020900,2755913,39,20211012171209,http://tong.visitkorea.or.kr/cms/resource/37/2756037_image2_1.jpg,http://tong.visitkorea.or.kr/cms/resource/37/2756037_image2_1.jpg,126.2954247979,33.4437523808,6.0,20211013092813,0.0,4.0,하우스레서피,제주특별자치도 제주시 한림읍 일주서로 5892,,,63024
39.0,A05,A0502,A05020200,2822574,39,20220602145757,,,126.3913323268,33.4790860945,6.0,20220613114039,0.0,4.0,하우투플레이,제주특별자치도 제주시 일주서로 6935,,064-747-7346,63050
39.0,A02,A0207,A02070200,2761423,15,20211022170154,http://tong.visitkorea.or.kr/cms/resource/22/2761422_image2_1.jpg,http://tong.visitkorea.or.kr/cms/resource/22/2761422_image2_1.jpg,126.5347498136,33.5055160021,6.0,20211022180043,0.0,4.0,하트온 - 신산에 불을 켜다,제주특별자치도 제주시 신산로 82,(일도이동),064-725-0905,63270
39.0,A04,A0401,A04010800,132251,38,20031027000000,http://tong.visitkorea.or.kr/cms/resource/46/1932246_image2_1.jpg,http://tong.visitkorea.or.kr/cms/resource/46/1932246_image3_1.jpg,126.4847962330,33.4874227654,6.0,20211008164622,10828.0,4.0,한국기념품백화점,제주특별자치도 제주시 원노형로 13,(노형동),064-742-0987,63081
39.0,A02,A0206,A02060300,130141,14,20071106104403,http://tong.visitkorea.or.kr/cms/resource/62/1617062_image2_1.jpg,http://tong.visitkorea.or.kr/cms/resource/62/1617062_image3_1.jpg,126.4984223827,33.2605730556,6.0,20220418144508,23510.0,3.0,한국야구명예전당,제주특별자치도 서귀포시 중산간서로 97-1,(강정동),,63558
39.0,A01,A0101,A01011200,2723542,12,20210625233324,,,126.3101064260,33.4627838378,6.0,20220629151913,0.0,4.0,한담해변,제주특별자치도 제주시 애월읍 애월로1길 26-4,,,63043
39.0,A01,A0101,A01010400,1918643,12,20140513112424,,,126.3856690910,33.3482949190,6.0,20210823175921,2041.0,4.0,한대오름,제주특별자치도 제주시 애월읍 화전길 201,,064-728-2742,63040
39.0,A01,A0101,A01010400,127635,12,20030929090000,http://tong.visitkorea.or.kr/cms/resource/25/2675025_image2_1.JPG,http://tong.visitkorea.or.kr/cms/resource/25/2675025_image2_1.JPG,126.4948724979,33.3927306237,6.0,20220510104302,73796.0,4.0,한라산 (제주도 국가지질공원),제주특별자치도 제주시 1100로 2070-61,,,63077
39.0,A01,A0102,A01020100,264590,12,20050318013124,http://tong.visitkorea.or.kr/cms/resource/99/1632499_image2_1.jpg,http://tong.visitkorea.or.kr/cms/resource/99/1632499_image3_1.jpg,126.5364394223,33.3444755049,6.0,20220609135246,39845.0,3.0,한라산 백록담,제주특별자치도 서귀포시 토평동,,,690-200
39.0,A01,A0101,A01010400,126436,12,20030721090000,http://tong.visitkorea.or.kr/cms/resource/47/1036847_image2_1.jpg,http://tong.visitkorea.or.kr/cms/resource/47/1036847_image3_1.jpg,126.6203951135,33.3848945984,6.0,20220516151518,28724.0,4.0,한라산 성판악,제주특별자치도 제주시 조천읍 516로 1865,,"064-713-9950~3, 725-9950",63345
39.0,A01,A0101,A01010400,126469,12,20030721090000,http://tong.visitkorea.or.kr/cms/resource/09/2617909_image2_1.jpg,http://tong.visitkorea.or.kr/cms/resource/09/2617909_image3_1.jpg,126.4803110551,33.3402306397,6.0,20220517112439,35723.0,3.0,한라산 영실,제주특별자치도 서귀포시 영실로 246,(하원동),,63554
39.0,A02,A0207,A02070200,527505,15,20080401013650,http://tong.visitkorea.or.kr/cms/resource/68/1627868_image2_1.jpg,http://tong.visitkorea.or.kr/cms/resource/68/1627868_image3_1.jpg,126.7207249076,33.2799383418,6.0,20220407110858,29729.0,3.0,한라산 청정 고사리 축제,제주특별자치도 서귀포시 남원읍 태위로 695,,064-760-4181~2,63621
39.0,A03,A0302,A03022700,824619,28,20091022025202,http://tong.visitkorea.or.kr/cms/resource/60/601660_image2_1.jpg,http://tong.visitkorea.or.kr/cms/resource/60/601660_image3_1.jpg,126.4948724979,33.3927306237,6.0,20220316164806,19568.0,4.0,한라산 트레킹,제주특별자치도 제주시 1100로 2070-61,,,63077
39.0,C01,C0116,C01160001,1855218,25,20131031165806,http://tong.visitkorea.or.kr/cms/resource/69/1205469_image2_1.jpg,http://tong.visitkorea.or.kr/cms/resource/69/1205469_image3_1.jpg,126.4920098966,33.4697026193,,20180702095152,5681.0,4.0,한라산 품 안에서 보내는 하룻밤,,,,
39.0,A03,A0302,A03022700,2675039,28,20201006203048,http://tong.visitkorea.or.kr/cms/resource/25/2675025_image2_1.JPG,http://tong.visitkorea.or.kr/cms/resource/25/2675025_image2_1.JPG,126.4593741671,33.3320367686,6.0,20210812151355,0.0,3.0,한라산둘레길 돌오름길 (보림농장삼거리~거린사슴오름),제주특별자치도 서귀포시 1100로 1187,(중문동),064-740-6975,63554
39.0,A02,A0203,A02030400,2638442,12,20191122162810,http://tong.visitkorea.or.kr/cms/resource/92/2639392_image2_1.jpg,http://tong.visitkorea.or.kr/cms/resource/92/2639392_image2_1.jpg,126.2561567959,33.4077974098,6.0,20210722151050,0.0,4.0,한라산소주 공장투어,제주특별자치도 제주시 한림읍 한림로 555,,,63012
39.0,A03,A0302,A03020700,782905,28,20090824100544,http://tong.visitkorea.or.kr/cms/resource/50/1950650_image2_1.jpg,http://tong.visitkorea.or.kr/cms/resource/50/1950650_image3_1.jpg,126.5448419945,33.4442146132,6.0,20211209133144,18447.0,4.0,한라산컨트리클럽,제주특별자치도 제주시 선돌목동길 56-46,(오등동),,63242
39.0,A01,A0101,A01010700,802844,12,20090915015638,http://tong.visitkorea.or.kr/cms/resource/25/1938325_image2_1.jpg,http://tong.visitkorea.or.kr/cms/resource/25/1938325_image3_1.jpg,126.5982320810,33.4319418220,6.0,20220405100352,31004.0,4.0,한라생태숲,제주특별자치도 제주시 516로 2596,,,63312
39.0,A01,A0101,A01010700,127514,12,20040224090000,http://tong.visitkorea.or.kr/cms/resource/99/2525599_image2_1.jpg,http://tong.visitkorea.or.kr/cms/resource/99/2525599_image2_1.jpg,126.4921487719,33.4697692812,6.0,20220530110616,50729.0,4.0,한라수목원,제주특별자치도 제주시 수목원길 72,(연동),,63143
39.0,A05,A0502,A05020100,655015,39,20081120111951,http://tong.visitkorea.or.kr/cms/resource/08/1937208_image2_1.jpg,http://tong.visitkorea.or.kr/cms/resource/08/1937208_image3_1.jpg,126.5318224043,33.5004942894,6.0,20210813171658,18561.0,4.0,한라식당,제주특별자치도 제주시 광양9길 19,,064-758-8301,63208
39.0,A05,A0502,A05020100,2781324,39,20211125185212,http://tong.visitkorea.or.kr/cms/resource/31/2800231_image2_1.jpg,http://tong.visitkorea.or.kr/cms/resource/31/2800231_image2_1.jpg,126.2451728014,33.2305307245,6.0,20211215180033,0.0,3.0,한라전복,제주특별자치도 서귀포시 대정읍 대한로 33,,,63506
39.0,A02,A0202,A02020700,126455,12,20040226000000,,,126.2415557152,33.3886659647,6.0,20211115095335,46553.0,4.0,한림공원,제주특별자치도 제주시 한림읍 한림로 300,,,63011
39.0,A02,A0207,A02070200,1748753,15,20121106162131,http://tong.visitkorea.or.kr/cms/resource/01/2768501_image2_1.jpg,http://tong.visitkorea.or.kr/cms/resource/01/2768501_image2_1.jpg,126.2381087692,33.3897241270,6.0,20211105093924,10754.0,4.0,한림공원 국화축제,제주특별자치도 제주시 한림읍 한림로 300,,064-796-0001,63011
39.0,A04,A0401,A04010800,132561,38,20031027090000,http://tong.visitkorea.or.kr/cms/resource/92/818792_image2_1.jpg,http://tong.visitkorea.or.kr/cms/resource/92/818792_image3_1.jpg,126.2381087692,33.3897241270,6.0,20220608135410,14814.0,4.0,한림공원 다화원휴게소 (제주),제주특별자치도 제주시 한림읍 한림로 300,,064-796-0009,63011
39.0,A02,A0207,A02070200,1796668,15,20130221012036,http://tong.visitkorea.or.kr/cms/resource/25/2647025_image2_1.jpg,http://tong.visitkorea.or.kr/cms/resource/25/2647025_image2_1.jpg,126.2397419496,33.3902018773,6.0,20220408142431,11720.0,4.0,한림공원 매화축제,제주특별자치도 제주시 한림읍 한림로 300,,064-796-0001,63011
39.0,A04,A0401,A04010800,132560,38,20031027000000,http://tong.visitkorea.or.kr/cms/resource/84/818784_image2_1.jpg,http://tong.visitkorea.or.kr/cms/resource/84/818784_image3_1.jpg,126.2390281082,33.3908601266,6.0,20211222151313,7141.0,4.0,한림공원 쌍용각,제주특별자치도 제주시 한림읍 한림로 300,(한림읍),064-796-0008,63011
39.0,A02,A0207,A02070200,1688335,15,20120807180953,http://tong.visitkorea.or.kr/cms/resource/04/2613604_image2_1.jpg,http://tong.visitkorea.or.kr/cms/resource/04/2613604_image2_1.jpg,126.2397419496,33.3902018773,6.0,20211112165750,31317.0,4.0,한림공원 연꽃축제,제주특별자치도 제주시 한림읍 한림로 300 한림공원,,064-796-0001,63011
39.0,A04,A0401,A04010200,2765334,38,20211101195438,,,126.2649364013,33.4161382914,6.0,20220415111545,0.0,4.0,한림매일시장,제주특별자치도 제주시 한림읍 한림로 687,,,63031
39.0,A04,A0401,A04010100,993224,38,20100407094844,,,126.2745604816,33.4198102588,6.0,20211124171737,15842.0,4.0,"한림민속5일시장(4, 9일)",제주특별자치도 제주시 한림읍 한수풀로4길 10,,064-796-8830,63026
39.0,A05,A0502,A05020100,2792539,39,20211213092121,http://tong.visitkorea.or.kr/cms/resource/09/2800509_image2_1.jpg,http://tong.visitkorea.or.kr/cms/resource/09/2800509_image2_1.jpg,126.2615228216,33.4155882987,6.0,20211216103137,0.0,4.0,한림칼국수 제주본점,제주특별자치도 제주시 한림읍 한림해안로 141,,,63032
39.0,A01,A0101,A01011400,2792599,12,20211213095507,http://tong.visitkorea.or.kr/cms/resource/20/2800520_image2_1.jpg,http://tong.visitkorea.or.kr/cms/resource/20/2800520_image2_1.jpg,126.2625726517,33.4190907055,6.0,20211216103302,0.0,4.0,한림항,제주특별자치도 제주시 한림읍 한림해안로 192,,,63031
39.0,A05,A0502,A05020100,404187,39,20080120073431,http://tong.visitkorea.or.kr/cms/resource/34/401534_image2_1.jpg,http://tong.visitkorea.or.kr/cms/resource/34/401534_image3_1.jpg,126.9350132695,33.4632076713,6.0,20220622110651,19630.0,3.0,한성식당,제주특별자치도 서귀포시 성산읍 일출로 287,,064-782-4646,63643
39.0,A02,A0203,A02030400,930345,12,20100120222156,,,126.2791762257,33.4431244167,6.0,20220414103917,31225.0,4.0,한수풀 해녀학교,제주특별자치도 제주시 한림읍 한림해안로 623-6,,,63024
39.0,A03,A0302,A03021700,2747693,28,20210923130932,http://tong.visitkorea.or.kr/cms/resource/61/2748161_image2_1.jpg,http://tong.visitkorea.or.kr/cms/resource/61/2748161_image2_1.jpg,126.8377886212,33.3305818547,6.0,20210923165236,0.0,3.0,한우물영농조합법인 제주캠핑카라반,제주특별자치도 서귀포시 표선면 표선백사로 176,,,63629
39.0,B02,B0201,B02010500,138195,32,20051118000000,http://tong.visitkorea.or.kr/cms/resource/99/1180899_image2_1.jpg,http://tong.visitkorea.or.kr/cms/resource/99/1180899_image3_1.jpg,126.6380671275,33.4488572540,6.0,20211014133445,40301.0,4.0,한화리조트 제주,제주특별자치도 제주시 명림로 575-107,,064-725-9000,63330
39.0,A01,A0101,A01011200,126451,12,20030909090000,,,126.6683567720,33.5439000013,6.0,20220524152037,54373.0,4.0,함덕 서우봉 해변 (함덕해수욕장),제주특별자치도 제주시 조천읍 조함해안로 519-10,,,63333
39.0,A04,A0401,A04010100,2765345,38,20211101105721,http://tong.visitkorea.or.kr/cms/resource/28/2769228_image2_1.jpg,http://tong.visitkorea.or.kr/cms/resource/28/2769228_image3_1.jpg,126.6679763333,33.5402420671,6.0,20211105151931,0.0,4.0,함덕민속오일시장,제주특별자치도 제주시 조천읍 함덕16길 15-13,,,63333
39.0,B02,B0201,B02010700,1882595,32,20140107191006,,,126.6649015424,33.5427778482,6.0,20220310134835,9237.0,4.0,함덕삼다펜션,제주특별자치도 제주시 조천읍 조함해안로 488,,064-782-1700,63333
39.0,A02,A0206,A02060100,130857,14,20060811000000,http://tong.visitkorea.or.kr/cms/resource/24/1830724_image2_1.jpg,http://tong.visitkorea.or.kr/cms/resource/24/1830724_image2_1.jpg,126.8634514136,33.5235831721,6.0,20211101175005,38159.0,4.0,해녀박물관,제주특별자치도 제주시 구좌읍 해녀박물관길 26,,,63362
39.0,A05,A0502,A05020100,2676211,39,20201013144816,,,126.2606590431,33.4140051268,6.0,20211203131206,0.0,4.0,해녀세자매,제주특별자치도 제주시 한림읍 한림로3길 10-11,,,63032
39.0,A05,A0502,A05020100,2666735,39,20200810141512,,,126.9123061050,33.4978173678,6.0,20211229180306,0.0,4.0,해녀의 부엌,제주특별자치도 제주시 구좌읍 해맞이해안로 2265,,,63364
39.0,A05,A0502,A05020100,2822495,39,20220531175720,http://tong.visitkorea.or.kr/cms/resource/80/2822480_image2_1.jpg,http://tong.visitkorea.or.kr/cms/resource/80/2822480_image3_1.jpg,126.6934544536,33.5499080725,6.0,20220531175743,0.0,4.0,해녀의부엌 북촌점,제주특별자치도 제주시 북촌9길 31 북촌리어촌계,,,63339
39.0,A05,A0502,A05020100,2758855,39,20211019101455,http://tong.visitkorea.or.kr/cms/resource/97/2759097_image2_1.jpg,http://tong.visitkorea.or.kr/cms/resource/97/2759097_image2_1.jpg,126.4921643149,33.5192638011,6.0,20211027142606,0.0,4.0,해녀잠수촌,제주특별자치도 제주시 서해안로 498,(용담삼동),,63114
39.0,A05,A0502,A05020100,2786457,39,20211206134500,http://tong.visitkorea.or.kr/cms/resource/63/2786463_image2_1.jpg,http://tong.visitkorea.or.kr/cms/resource/63/2786463_image2_1.jpg,126.7098973832,33.5536884744,6.0,20211206134751,0.0,4.0,해녀촌 (해녀촌식당),제주특별자치도 제주시 구좌읍 동복로 33,,,63347
39.0,A05,A0502,A05020100,1420586,39,20111028093349,,,126.5211701662,33.5175005700,6.0,20211122161607,17390.0,4.0,해녀횟집,제주특별자치도 제주시 탑동로 33,,064-724-6212,63166
39.0,B02,B0201,B02010700,733924,32,20090513165957,http://tong.visitkorea.or.kr/cms/resource/50/733350_image2_1.jpg,http://tong.visitkorea.or.kr/cms/resource/50/733350_image3_1.jpg,126.9225419911,33.4691290372,6.0,20211210112007,21202.0,3.0,해뜨는집 펜션,제주특별자치도 서귀포시 성산읍 한도로 137,,064-784-8812,63639
39.0,A02,A0203,A02030600,2778905,12,20211124144026,http://tong.visitkorea.or.kr/cms/resource/78/2781578_image2_1.jpg,http://tong.visitkorea.or.kr/cms/resource/78/2781578_image2_1.jpg,126.7427251632,33.5504226979,6.0,20211126111053,0.0,4.0,해맞이해안로,제주특별자치도 제주시 구좌읍 김녕리,,,
39.0,B02,B0201,B02010500,138184,32,20040615000000,,,126.8447465590,33.3215135225,6.0,20210616094830,31407.0,3.0,해비치리조트,제주특별자치도 서귀포시 표선면 민속해안로 537,,,63629
39.0,B02,B0201,B02010100,551958,32,20080422012814,,,126.8447465590,33.3215135225,6.0,20220519170817,35268.0,3.0,해비치호텔,제주특별자치도 서귀포시 표선면 민속해안로 537,,,63629
39.0,A05,A0502,A05020100,2788879,39,20211208092955,http://tong.visitkorea.or.kr/cms/resource/73/2796273_image2_1.jpg,http://tong.visitkorea.or.kr/cms/resource/73/2796273_image2_1.jpg,126.3750059087,33.4817883145,6.0,20211214143345,0.0,4.0,해성도뚜리,제주특별자치도 제주시 애월읍 애월해안로 682,,,63049
39.0,B02,B0201,B02011100,2626708,32,20191017141845,,,126.4213570284,33.2523116402,,20201214150539,0.0,3.0,해성파크텔,제주특별자치도 서귀포시 천제연로 158-4,(중문동),,63546
39.0,A05,A0502,A05020100,2767722,39,20211103134050,http://tong.visitkorea.or.kr/cms/resource/65/2772065_image2_1.jpg,http://tong.visitkorea.or.kr/cms/resource/65/2772065_image3_1.jpg,126.4265454751,33.2519423178,6.0,20211110104931,0.0,3.0,해심가든/해심갈비,제주특별자치도 서귀포시 천제연로 203-4,(중문동),,63545
39.0,A05,A0502,A05020100,2678713,39,20201026134024,http://tong.visitkorea.or.kr/cms/resource/46/2675146_image2_1.jpg,http://tong.visitkorea.or.kr/cms/resource/46/2675146_image2_1.jpg,126.4759662752,33.4949245721,6.0,20210310164517,0.0,4.0,해오름식당,제주특별자치도 제주시 오일장서길 21,,064-744-0367,63116
39.0,A05,A0502,A05020100,2755470,39,20211012095300,http://tong.visitkorea.or.kr/cms/resource/58/2755658_image2_1.jpg,http://tong.visitkorea.or.kr/cms/resource/58/2755658_image2_1.jpg,126.9172098252,33.4385239984,6.0,20211012142928,0.0,3.0,해왓,제주특별자치도 서귀포시 성산읍 신고로 30-1,,,63641
39.0,A05,A0502,A05020100,2758845,39,20211019100747,http://tong.visitkorea.or.kr/cms/resource/85/2758885_image2_1.jpg,http://tong.visitkorea.or.kr/cms/resource/85/2758885_image2_1.jpg,126.3699918015,33.2630179827,6.0,20211019110259,0.0,3.0,해월정 서귀포점,제주특별자치도 서귀포시 안덕면 일주서로 1355,,,63532
39.0,A05,A0502,A05020100,1308810,39,20110615104010,http://tong.visitkorea.or.kr/cms/resource/26/1937226_image2_1.jpg,http://tong.visitkorea.or.kr/cms/resource/26/1937226_image3_1.jpg,126.5284972871,33.5183894775,6.0,20211123113841,20331.0,4.0,해진횟집,제주특별자치도 제주시 서부두길 22-1,(건입동),064-722-4584,63276
39.0,A02,A0204,A02040800,2704242,12,20210119015410,,,126.8926535085,33.4433425133,6.0,20220520095906,0.0,3.0,해품은체험농장,제주특별자치도 서귀포시 성산읍 서성일로 1078-14,,,63631
39.0,A03,A0302,A03021700,2737361,28,20210830142706,http://tong.visitkorea.or.kr/cms/resource/52/2737852_image2_1.jpg,http://tong.visitkorea.or.kr/cms/resource/52/2737852_image2_1.jpg,126.6082077637,33.2405103429,6.0,20210831101728,0.0,3.0,햇살정원 제주캠핑&민박,제주특별자치도 서귀포시 보목포로65번길 6,(보목동),,63599
39.0,A05,A0502,A05020900,2824043,39,20220616134914,,,126.5220815945,33.5000525164,6.0,20220616134923,0.0,4.0,행복밀,제주특별자치도 제주시 서광로 239 웰빌딩,,,63182
39.0,A05,A0502,A05020900,2664574,39,20200722111729,,,126.5788796660,33.2441900267,6.0,20211119161704,0.0,3.0,허니문하우스,제주특별자치도 서귀포시 칠십리로 228-13,,,63599
39.0,A02,A0206,A02060300,1911160,14,20140404112111,http://tong.visitkorea.or.kr/cms/resource/03/1909403_image2_1.jpg,http://tong.visitkorea.or.kr/cms/resource/03/1909403_image3_1.jpg,126.3521344149,33.2900841569,6.0,20211217110958,7486.0,3.0,헬로키티아일랜드,제주특별자치도 서귀포시 안덕면 한창로 340,,,63526
39.0,A05,A0502,A05020300,2792543,39,20211213092344,http://tong.visitkorea.or.kr/cms/resource/42/2800442_image2_1.jpg,http://tong.visitkorea.or.kr/cms/resource/42/2800442_image2_1.jpg,126.2424721239,33.3966484295,6.0,20211216101359,0.0,4.0,협재 수우동,제주특별자치도 제주시 한림읍 협재1길 11,,,63011
39.0,A01,A0101,A01011900,129619,12,20070713000000,,,126.2381504642,33.3882881753,6.0,20210901141057,30261.0,4.0,협재굴(한림공원),제주특별자치도 제주시 한림읍 한림로 300,(한림읍),,63011
39.0,A01,A0101,A01011400,2792603,12,20211213095713,http://tong.visitkorea.or.kr/cms/resource/08/2799808_image2_1.jpg,http://tong.visitkorea.or.kr/cms/resource/08/2799808_image2_1.jpg,126.2498106961,33.3822279176,6.0,20211215164753,0.0,4.0,협재포구,제주특별자치도 제주시 한림읍 협재리,,,
39.0,A05,A0502,A05020100,2758859,39,20211019101719,http://tong.visitkorea.or.kr/cms/resource/08/2759108_image2_1.jpg,http://tong.visitkorea.or.kr/cms/resource/08/2759108_image2_1.jpg,126.2439108383,33.3988648733,6.0,20211019135750,0.0,4.0,협재해녀의집,제주특별자치도 제주시 한림읍 협재3길 19,,,63011
39.0,A01,A0101,A01011200,127490,12,20030925090000,http://tong.visitkorea.or.kr/cms/resource/73/218873_image2_1.jpg,http://tong.visitkorea.or.kr/cms/resource/73/218873_image3_1.jpg,126.2394418960,33.3937764770,6.0,20220524153216,82178.0,4.0,협재해변,제주특별자치도 제주시 한림읍 한림로 329-10,,,63011
39.0,A01,A0101,A01011300,128793,12,20060220090000,http://tong.visitkorea.or.kr/cms/resource/30/197730_image2_1.jpg,http://tong.visitkorea.or.kr/cms/resource/30/197730_image3_1.jpg,126.3092288523,33.2080147675,6.0,20220701173439,24463.0,3.0,형제섬,제주특별자치도 서귀포시 안덕면 사계리,산44,,699-822
39.0,A01,A0101,A01011100,2742301,12,20210909140637,http://tong.visitkorea.or.kr/cms/resource/67/2742667_image2_1.jpg,http://tong.visitkorea.or.kr/cms/resource/67/2742667_image2_1.jpg,126.3157581698,33.2382615310,6.0,20211115111837,0.0,3.0,형제해안도로,제주특별자치도 서귀포시 안덕면 사계리 3682,,,63528
39.0,B02,B0201,B02010100,142974,32,20030806000000,http://tong.visitkorea.or.kr/cms/resource/54/1371654_image2_1.jpg,http://tong.visitkorea.or.kr/cms/resource/54/1371654_image3_1.jpg,126.4902569387,33.4843704127,6.0,20211129175326,25069.0,4.0,호텔 뉴크라운,제주특별자치도 제주시 신광로 87,,064-742-1001,63133
39.0,B02,B0201,B02010900,2411625,32,20160907132404,http://tong.visitkorea.or.kr/cms/resource/16/2411516_image2_1.jpg,http://tong.visitkorea.or.kr/cms/resource/16/2411516_image2_1.jpg,126.5266863526,33.5175395423,6.0,20211206134719,3215.0,4.0,호텔 리젠트마린,제주특별자치도 제주시 서부두2길 20,(건입동),064-717-5000,63276
39.0,B02,B0201,B02011100,2699863,32,20201218151509,,,126.5905592043,33.2444207422,,20201228154219,0.0,3.0,호텔 서귀피안,제주특별자치도 서귀포시 보목로64번길 178,(보목동),,63599
39.0,B02,B0201,B02010100,1979715,32,20141226110508,,,126.4882625456,33.4897531180,6.0,20210512174316,8819.0,4.0,호텔레오,제주특별자치도 제주시 삼무로 14,(연동),064-754-7000,63129
39.0,B02,B0201,B02010900,1898255,32,20140221172431,,,126.4887597098,33.4903974992,6.0,20211129171157,5252.0,4.0,호텔제이엠(HotelJM),제주특별자치도 제주시 삼무로1길 10-7,,064-747-6767,63125
39.0,A01,A0101,A01010500,126465,12,20020430000000,,,126.8953344794,33.4151428937,6.0,20210730145441,45123.0,3.0,혼인지,제주특별자치도 서귀포시 성산읍 혼인지로 39-22,(성산읍),,63633
39.0,A03,A0302,A03021100,131546,28,20020812000000,http://tong.visitkorea.or.kr/cms/resource/88/1992388_image2_1.jpg,http://tong.visitkorea.or.kr/cms/resource/88/1992388_image2_1.jpg,126.4904193601,33.4257880081,6.0,20210820165725,23547.0,4.0,홀스랜드(어승생승마장),제주특별자치도 제주시 1100로 2659,(노형동),,63078
39.0,A05,A0502,A05020400,2781325,39,20211126035907,http://tong.visitkorea.or.kr/cms/resource/87/2800487_image2_1.jpg,http://tong.visitkorea.or.kr/cms/resource/87/2800487_image2_1.jpg,126.2517224623,33.2201653043,6.0,20220407093505,0.0,3.0,홍성방,제주특별자치도 서귀포시 대정읍 하모항구로 76,,,63506
39.0,A01,A0101,A01011400,2798892,12,20211215134947,http://tong.visitkorea.or.kr/cms/resource/24/2799824_image2_1.jpg,http://tong.visitkorea.or.kr/cms/resource/24/2799824_image2_1.jpg,126.5645634332,33.5255364838,6.0,20211215164833,0.0,4.0,화북포구,제주특별자치도 제주시 화북1동,,,63286
39.0,C01,C0114,C01140001,2038217,25,20151105110401,http://tong.visitkorea.or.kr/cms/resource/01/1963001_image2_1.jpg,http://tong.visitkorea.or.kr/cms/resource/01/1963001_image3_1.jpg,126.7134770508,33.4575852751,6.0,20190516134932,5290.0,,화산섬 제주의 속살을 만나다.,,,,
39.0,C01,C0115,C01150001,1855204,25,20131031165335,http://tong.visitkorea.or.kr/cms/resource/83/197383_image2_1.jpg,http://tong.visitkorea.or.kr/cms/resource/83/197383_image3_1.jpg,126.3132472331,33.2402112763,,20160927181633,6055.0,,화산이 만든 비경을 찾아가는 탐험길,,,,
39.0,A01,A0101,A01010700,2738730,12,20210901124609,http://tong.visitkorea.or.kr/cms/resource/86/2740586_image2_1.jpg,http://tong.visitkorea.or.kr/cms/resource/86/2740586_image2_1.jpg,126.3323756109,33.2635062261,6.0,20210906164243,0.0,3.0,화순곶자왈 (생태탐방숲길),제주특별자치도 서귀포시 안덕면 화순서동로 151,,,63529
39.0,A01,A0101,A01011200,126443,12,20030925090000,http://tong.visitkorea.or.kr/cms/resource/38/197738_image2_1.jpg,http://tong.visitkorea.or.kr/cms/resource/38/197738_image3_1.jpg,126.3335149080,33.2407004292,6.0,20220629143510,40226.0,3.0,화순금모래 해변,제주특별자치도 서귀포시 안덕면 화순해안로,(화순리),,63530
39.0,A02,A0202,A02020600,2606209,12,20190612154918,http://tong.visitkorea.or.kr/cms/resource/05/2608205_image2_1.bmp,http://tong.visitkorea.or.kr/cms/resource/05/2608205_image2_1.bmp,126.3720160859,33.4113377321,6.0,20211223142437,0.0,4.0,화조원,제주특별자치도 제주시 애월읍 애원로 804,,,63035
39.0,A05,A0502,A05020100,686399,39,20090130184009,http://tong.visitkorea.or.kr/cms/resource/97/689597_image2_1.jpg,http://tong.visitkorea.or.kr/cms/resource/97/689597_image3_1.jpg,126.4953564946,33.4844149333,6.0,20220427151747,18921.0,4.0,황금어장,제주특별자치도 제주시 사장길 14,(연동),064-748-8989,63133
39.0,A01,A0101,A01011100,2032460,12,20151006224017,,,126.5497655804,33.2415842972,6.0,20220510095002,7536.0,3.0,황우지해안,제주특별자치도 서귀포시 서홍동 766-1,(서홍동),,63594
39.0,A01,A0101,A01011900,2767778,12,20211103140302,http://tong.visitkorea.or.kr/cms/resource/76/2772076_image2_1.jpg,http://tong.visitkorea.or.kr/cms/resource/76/2772076_image3_1.jpg,126.5477963074,33.2415509361,6.0,20211110105301,0.0,3.0,황우지해안열두굴,제주특별자치도 서귀포시 남성로 93,(서홍동),,63594
39.0,A05,A0502,A05020100,2654438,39,20200424141951,http://tong.visitkorea.or.kr/cms/resource/74/2655474_image2_1.jpg,http://tong.visitkorea.or.kr/cms/resource/74/2655474_image2_1.jpg,126.9419533952,33.5038977318,6.0,20210309140724,0.0,4.0,회양과국수군,제주특별자치도 제주시 우도면 우도해안길270 1층 2호,,064-782-0150,63365
39.0,A05,A0502,A05020900,2804378,39,20211230153712,,,126.3145218618,33.2519488887,6.0,20211230155742,0.0,3.0,효은양갱,제주특별자치도 서귀포시 안덕면 덕수회관로 14,,,63527
39.0,A01,A0101,A01010400,1890872,12,20140204100058,,,126.8261568136,33.4293846485,6.0,20210823165220,2717.0,3.0,후곡악,제주특별자치도 서귀포시 성산읍 일주동로,(수산리) 일대,,63639
39.0,B02,B0201,B02010700,2406279,32,20160830185331,,,126.3561355098,33.4736889128,6.0,20220518104248,4101.0,4.0,후아힌제주 풀빌라,제주특별자치도 제주시 애월읍 부룡수길 38-24,,064-799-1240/1241,63047
39.0,A02,A0206,A02060300,2811110,14,20220317163349,http://tong.visitkorea.or.kr/cms/resource/06/2811106_image2_1.jpg,http://tong.visitkorea.or.kr/cms/resource/06/2811106_image2_1.jpg,126.9549441872,33.4930408093,6.0,20220412172503,0.0,4.0,훈데르트바서파크,제주특별자치도 제주시 우도해안길 32-12,,,63365
39.0,A05,A0502,A05020900,2811459,39,20220321005122,http://tong.visitkorea.or.kr/cms/resource/56/2811456_image2_1.jpg,http://tong.visitkorea.or.kr/cms/resource/56/2811456_image2_1.jpg,126.9552580701,33.4921103615,6.0,20220524172301,0.0,4.0,훈데르트윈즈,제주특별자치도 제주시 우도해안길 32-2,,,63365
39.0,B02,B0201,B02010500,583141,32,20080704183519,http://tong.visitkorea.or.kr/cms/resource/03/2660103_image2_1.jpg,http://tong.visitkorea.or.kr/cms/resource/03/2660103_image3_1.jpg,126.9280674087,33.4302500880,6.0,20220516132617,49533.0,3.0,휘닉스 제주 섭지코지,제주특별자치도 서귀포시 성산읍 섭지코지로 107,,064-731-7000~5,63642
39.0,A02,A0202,A02020600,2661514,12,20200630184110,http://tong.visitkorea.or.kr/cms/resource/11/2661511_image2_1.jpg,http://tong.visitkorea.or.kr/cms/resource/11/2661511_image2_1.jpg,126.4287993085,33.4438100372,6.0,20220224174719,0.0,4.0,휴림,제주특별자치도 제주시 애월읍 광령남서길 40,,,63062
39.0,A02,A0207,A02070200,482133,15,20080222232115,,,126.6344317363,33.3085171454,6.0,20220308092748,53121.0,3.0,휴애리 매화축제,제주특별자치도 서귀포시 남원읍 신례동로 256,,064-732-2114,63608
39.0,A02,A0207,A02070200,2809910,15,20220310103220,http://tong.visitkorea.or.kr/cms/resource/07/2809907_image2_1.jpg,http://tong.visitkorea.or.kr/cms/resource/07/2809907_image2_1.jpg,126.6336401426,33.3083171551,6.0,20220516104954,0.0,3.0,휴애리 봄 수국축제,제주특별자치도 서귀포시 신례동로 256 휴애리,,064-732-2114,63608
39.0,A02,A0207,A02070200,2817255,15,20220425154304,http://tong.visitkorea.or.kr/cms/resource/49/2817249_image2_1.jpg,http://tong.visitkorea.or.kr/cms/resource/49/2817249_image2_1.jpg,126.6336401426,33.3083171551,6.0,20220516105152,0.0,3.0,휴애리 여름 수국축제,제주특별자치도 서귀포시 신례동로 256 휴애리,,064-732-2114,63608
39.0,A02,A0207,A02070200,2495916,15,20170613185021,http://tong.visitkorea.or.kr/cms/resource/24/2825224_image2_1.jpg,http://tong.visitkorea.or.kr/cms/resource/24/2825224_image3_1.jpg,126.6344317363,33.3085171454,6.0,20220627160734,28174.0,3.0,휴애리 유럽 수국축제,제주특별자치도 서귀포시 남원읍 신례동로 256,,064-732-2114,63608
39.0,A02,A0207,A02070200,2559560,15,20180903130442,http://tong.visitkorea.or.kr/cms/resource/91/2742091_image2_1.jpg,http://tong.visitkorea.or.kr/cms/resource/91/2742091_image2_1.jpg,126.6344317363,33.3085171454,6.0,20210909103347,8646.0,3.0,휴애리 핑크뮬리 축제,제주특별자치도 서귀포시 남원읍 신례동로 256,,064-732-2114,63608
39.0,A02,A0202,A02020700,322836,12,20071211203035,http://tong.visitkorea.or.kr/cms/resource/47/2615547_image2_1.bmp,http://tong.visitkorea.or.kr/cms/resource/47/2615547_image2_1.bmp,126.6344317363,33.3085171454,6.0,20220516131349,499370.0,3.0,휴애리자연생활공원,제주특별자치도 서귀포시 남원읍 신례동로 256,,,63608
39.0,A05,A0502,A05020900,2785320,39,20211202135801,http://tong.visitkorea.or.kr/cms/resource/25/2785325_image2_1.jpg,http://tong.visitkorea.or.kr/cms/resource/25/2785325_image2_1.jpg,126.3662483633,33.2324129686,6.0,20211202140145,0.0,3.0,휴일로 (휴일로카페),제주특별자치도 서귀포시 안덕면 난드르로 49-65,,,63533
39.0,A05,A0502,A05020100,2678651,39,20201026130647,http://tong.visitkorea.or.kr/cms/resource/34/2675134_image2_1.jpg,http://tong.visitkorea.or.kr/cms/resource/34/2675134_image2_1.jpg,126.4735001590,33.4800900646,6.0,20210219115037,0.0,4.0,흑돈가 제주,제주특별자치도 제주시 한라대학로 11,,064-747-0088,63088
39.0,A05,A0502,A05020100,1019491,39,20100512103829,http://tong.visitkorea.or.kr/cms/resource/27/1023927_image2_1.jpg,http://tong.visitkorea.or.kr/cms/resource/27/1023927_image3_1.jpg,126.4735529330,33.4800372929,6.0,20211208184217,18212.0,4.0,흑돈가 제주,제주특별자치도 제주시 한라대학로 11,,064-747-0088,63088
39.0,A05,A0502,A05020100,2657940,39,20200602000405,http://tong.visitkorea.or.kr/cms/resource/42/2657942_image2_1.jpg,http://tong.visitkorea.or.kr/cms/resource/42/2657942_image2_1.jpg,126.5292617309,33.2447475122,6.0,20220411145005,0.0,3.0,흑돈향,제주특별자치도 서귀포시 태평로 58,,064-739-5115,63571
39.0,A05,A0502,A05020100,2678745,39,20201026135631,http://tong.visitkorea.or.kr/cms/resource/58/2675158_image2_1.jpg,http://tong.visitkorea.or.kr/cms/resource/58/2675158_image2_1.jpg,126.4802135803,33.4749657383,6.0,20210310164951,0.0,4.0,흑돼지가있는풍경,제주특별자치도 제주시 진군남4길 7-8,,064-742-1108,63092
39.0,A05,A0502,A05020100,1018723,39,20100511134847,,,126.4165962685,33.2550751487,6.0,20210903110508,22462.0,3.0,흑돼지구이집 하영,제주특별자치도 서귀포시 천제연로 101,,064-738-6011,63534
39.0,A05,A0502,A05020700,135867,39,20070731000000,http://tong.visitkorea.or.kr/cms/resource/42/1937242_image2_1.jpg,http://tong.visitkorea.or.kr/cms/resource/42/1937242_image3_1.jpg,126.4893960632,33.4772656294,6.0,20211014165428,21490.0,4.0,흑마가든,제주특별자치도 제주시 연화로2길 20-1,,064-712-3532,63140
39.0,A05,A0502,A05020100,1823088,39,20130625182625,http://tong.visitkorea.or.kr/cms/resource/94/1786494_image2_1.jpg,http://tong.visitkorea.or.kr/cms/resource/94/1786494_image3_1.jpg,126.5884813187,33.2572276299,6.0,20220510150051,7899.0,3.0,흑한우명품관,제주특별자치도 서귀포시 일주동로 8421,,064-732-1486,63598
39.0,A01,A0101,A01010400,1890857,12,20140204094020,,,126.5652014016,33.4413708078,6.0,20210820113638,2784.0,4.0,흙붉은오름,제주특별자치도 제주시 516로 2927,(아라일동),,63244
39.0,B02,B0201,B02010100,2822959,32,20220607173129,http://tong.visitkorea.or.kr/cms/resource/49/2822949_image2_1.jpg,http://tong.visitkorea.or.kr/cms/resource/49/2822949_image3_1.jpg,126.4026058226,33.2547582966,6.0,20220608133749,0.0,3.0,히든 클리프 호텔 & 네이쳐,제주특별자치도 서귀포시 예래해안로 542,,,63536
,A02,A0208,A02081300,2789775,15,20211208163243,http://tong.visitkorea.or.kr/cms/resource/70/2789770_image2_1.jpg,http://tong.visitkorea.or.kr/cms/resource/70/2789770_image2_1.jpg,,,,20211210133251,0.0,,2021 과학교육 온라인 성과공유회,온라인 개최,,02-559-3926,
,A02,A0207,A02070200,2743853,15,20210913143221,http://tong.visitkorea.or.kr/cms/resource/52/2749552_image2_1.jpg,http://tong.visitkorea.or.kr/cms/resource/52/2749552_image2_1.jpg,,,,20210927095206,0.0,,2021 광주 정신건강 문화행사,,,062-600-1951~3,
,A02,A0207,A02070200,2751126,15,20210929092921,http://tong.visitkorea.or.kr/cms/resource/25/2751125_image2_1.jpg,http://tong.visitkorea.or.kr/cms/resource/25/2751125_image2_1.jpg,,,,20210929092921,0.0,,2021 김천포도 온라인축제,온라인개최,,053-381-8071,
,A02,A0207,A02070200,2757229,15,20211014104828,http://tong.visitkorea.or.kr/cms/resource/28/2757228_image2_1.jpg,http://tong.visitkorea.or.kr/cms/resource/28/2757228_image2_1.jpg,,,,20211014104828,0.0,,2021 대구 정신건강한마당,온라인 개최,,010-2043-3505,
,A02,A0207,A02070200,2754710,15,20211007141819,http://tong.visitkorea.or.kr/cms/resource/09/2754709_image2_1.jpeg,http://tong.visitkorea.or.kr/cms/resource/09/2754709_image2_1.jpeg,,,,20211007141819,0.0,,2021 대한민국 산림박람회,온라인개최,,02-6393-2521,
,A02,A0207,A02070200,2769990,15,20211108144401,http://tong.visitkorea.or.kr/cms/resource/84/2769984_image2_1.jpg,http://tong.visitkorea.or.kr/cms/resource/84/2769984_image2_1.jpg,,,,20211108144401,0.0,,2021 대한민국 우리술 대축제,온라인 개최,,02-6952-9497~8,
,A02,A0207,A02070200,1327896,15,20110708151506,http://tong.visitkorea.or.kr/cms/resource/35/2758835_image2_1.jpg,http://tong.visitkorea.or.kr/cms/resource/35/2758835_image2_1.jpg,,,,20211110133624,12858.0,,2021 대한민국 우표전시회,온라인 개최,,02-2036-0825,
,A02,A0207,A02070200,2005233,15,20150522165851,http://tong.visitkorea.or.kr/cms/resource/61/2758961_image2_1.png,http://tong.visitkorea.or.kr/cms/resource/61/2758961_image2_1.png,,,,20211022152323,57184.0,,2021 랜선 정동야행,온라인 개최,,02-3443-2695,
,A02,A0207,A02070200,2773513,15,20211111112643,http://tong.visitkorea.or.kr/cms/resource/06/2773506_image2_1.jpg,http://tong.visitkorea.or.kr/cms/resource/06/2773506_image2_1.jpg,,,,20211111113855,0.0,,2021 랜선 페스티벌 주민참여공연,온라인 개최,,02-6956-2162,
,A02,A0207,A02070200,2776724,15,20211119150628,http://tong.visitkorea.or.kr/cms/resource/14/2776714_image2_1.png,http://tong.visitkorea.or.kr/cms/resource/14/2776714_image2_1.png,127.3308965930,36.4996670183,,20211119150628,0.0,,2021 로컬페스타,6개 권역에서 온·오프라인 진행,,070-4458-5594,
,A02,A0207,A02070200,2558735,15,20180824104400,http://tong.visitkorea.or.kr/cms/resource/27/2753427_image2_1.jpg,http://tong.visitkorea.or.kr/cms/resource/27/2753427_image2_1.jpg,129.0945167909,35.2460022847,6.0,20211005183125,1719.0,,2021 부산금정거리예술축제,온라인개최,(구서동),051)711-7138,46251
,A02,A0207,A02070200,2744181,15,20210914094324,http://tong.visitkorea.or.kr/cms/resource/79/2744179_image2_1.jpg,http://tong.visitkorea.or.kr/cms/resource/79/2744179_image2_1.jpg,,,,20210916130652,0.0,,2021 부산바다 수산어택,온라인개최,,051-717-0236,
,A02,A0207,A02070200,630609,15,20081001100018,http://tong.visitkorea.or.kr/cms/resource/52/2750152_image2_1.jpg,http://tong.visitkorea.or.kr/cms/resource/52/2750152_image2_1.jpg,,,,20210927170514,32079.0,,2021 아시아송페스티벌,온라인 개최,,asiasongfestival0@gmail.com,
,A02,A0207,A02070200,2541254,15,20180329172613,http://tong.visitkorea.or.kr/cms/resource/04/2766504_image2_1.jpg,http://tong.visitkorea.or.kr/cms/resource/04/2766504_image2_1.jpg,128.4650638527,35.8411652970,6.0,20211102112051,3255.0,,2021 온라인 디아크 강빛축제,온라인개최,,053-585-0916~7,42917
,A02,A0207,A02070200,2753086,15,20211005143925,http://tong.visitkorea.or.kr/cms/resource/85/2753085_image2_1.jpg,http://tong.visitkorea.or.kr/cms/resource/85/2753085_image2_1.jpg,,,,20211005143925,0.0,,2021 온라인 정신건강축제 - 내 마음을 가꾸는 정원,온라인 개최,,02-3272-2334,
,A02,A0207,A02070200,2563358,15,20181016103023,http://tong.visitkorea.or.kr/cms/resource/83/2763083_image2_1.jpg,http://tong.visitkorea.or.kr/cms/resource/83/2763083_image2_1.jpg,126.9849119700,37.2749187509,6.0,20211027134038,289.0,,2021 유권자정치페스티벌,온라인 개최,,031-296-9833,
,A02,A0207,A02070200,2764526,15,20211028103308,http://tong.visitkorea.or.kr/cms/resource/25/2764525_image2_1.jpg,http://tong.visitkorea.or.kr/cms/resource/25/2764525_image2_1.jpg,,,,20211029113117,0.0,,2021 인천 독서대전,,,032-440-7877,
,A02,A0207,A02070200,2555958,15,20180731170759,http://tong.visitkorea.or.kr/cms/resource/66/2753366_image2_1.jpg,http://tong.visitkorea.or.kr/cms/resource/66/2753366_image2_1.jpg,129.3660687459,36.0096380848,6.0,20211005170801,1276.0,,2021 전국생활문화축제,온라인개최,,"054-289-2871, 02-730-2457",
,A02,A0207,A02070200,2784301,15,20211201090546,http://tong.visitkorea.or.kr/cms/resource/96/2784296_image2_1.png,http://tong.visitkorea.or.kr/cms/resource/96/2784296_image2_1.png,,,,20211201090546,0.0,,2021 제 4회 아동이 주인공인 행복한 언택트 축제,온라인 개최,,070-7500-7190,
,A02,A0207,A02070200,1399407,15,20111011153847,http://tong.visitkorea.or.kr/cms/resource/64/2755964_image2_1.jpg,http://tong.visitkorea.or.kr/cms/resource/64/2755964_image2_1.jpg,,,,20211012174232,41925.0,,2021 청도반시축제,,,054-370-6376,
,A02,A0207,A02070200,2743323,15,20210910140038,http://tong.visitkorea.or.kr/cms/resource/21/2743321_image2_1.png,http://tong.visitkorea.or.kr/cms/resource/21/2743321_image2_1.png,,,,20210910140038,0.0,,2021 충북 청년축제,온라인 개최,,043-266-1507,
,A02,A0207,A02070200,2016706,15,20150714150841,http://tong.visitkorea.or.kr/cms/resource/94/2751094_image2_1.jpg,http://tong.visitkorea.or.kr/cms/resource/94/2751094_image2_1.jpg,,,,20210928195010,153077.0,,2021 한강몽땅 축제,온라인개최,,02-120,
,A02,A0207,A02070200,2683803,15,20201118140317,http://tong.visitkorea.or.kr/cms/resource/84/2753384_image2_1.png,http://tong.visitkorea.or.kr/cms/resource/84/2753384_image2_1.png,,,,20211110133525,0.0,,2021 현대모비스 기부런,온라인개최,,070-7575-3244,
,A02,A0207,A02070200,2759022,15,20211019110926,http://tong.visitkorea.or.kr/cms/resource/05/2759005_image2_1.jpg,http://tong.visitkorea.or.kr/cms/resource/05/2759005_image2_1.jpg,,,,20211019110926,0.0,,2021 화성 학생동아리 축제,온라인 개최,,070-8872-5147,
,A02,A0207,A02070200,2807217,15,20220215171836,http://tong.visitkorea.or.kr/cms/resource/66/2807366_image2_1.png,http://tong.visitkorea.or.kr/cms/resource/66/2807366_image2_1.png,,,,20220216142554,0.0,,2022 부산 라이프 ON,,,051-717-0236,
,A02,A0207,A02070200,2811765,15,20220321182301,http://tong.visitkorea.or.kr/cms/resource/98/2814298_image2_1.png,http://tong.visitkorea.or.kr/cms/resource/98/2814298_image2_1.png,,,,20220329163421,0.0,,2022 부산 스포츠산업 기업 특별전,,,051-717-0236,
,A02,A0208,A02081300,2824377,15,20220617152233,http://tong.visitkorea.or.kr/cms/resource/49/2824749_image2_1.png,http://tong.visitkorea.or.kr/cms/resource/49/2824749_image3_1.png,,,,20220621170139,0.0,,2022 슬기로운 과학생활 항공우주편,,,042-826-3810,
,A02,A0207,A02070200,650690,15,20081112095636,http://tong.visitkorea.or.kr/cms/resource/51/2802851_image2_1.jpg,http://tong.visitkorea.or.kr/cms/resource/51/2802851_image2_1.jpg,127.7865319410,36.1563977278,6.0,20211231133414,33365.0,,2022 온라인 영동곶감축제,온라인 개최,,1644-5111,
,A02,A0207,A02070200,2702333,15,20201229160308,http://tong.visitkorea.or.kr/cms/resource/60/2802860_image2_1.jpg,http://tong.visitkorea.or.kr/cms/resource/60/2802860_image2_1.jpg,,,,20211227105002,0.0,,2022 카운트다운 부산 (우리함께 다시),온라인개최,,051-987-1924,
,A02,A0207,A02070100,1718060,15,20120913113535,http://tong.visitkorea.or.kr/cms/resource/16/2749616_image2_1.jpg,http://tong.visitkorea.or.kr/cms/resource/16/2749616_image2_1.jpg,127.4162695779,35.7732125289,6.0,20210927103259,28006.0,,[문화관광축제] 2021 온라인 진안홍삼축제,온라인개최,,063-430-2391~3,
,A02,A0207,A02070100,588175,15,20080717132813,http://tong.visitkorea.or.kr/cms/resource/98/2707498_image2_1.jpg,http://tong.visitkorea.or.kr/cms/resource/98/2707498_image2_1.jpg,129.3781024219,36.0573218107,6.0,20211103153441,298066.0,,[문화관광축제] 포항국제불빛축제,온라인개최,,054-289-7852,
,A02,A0207,A02070200,2763668,15,20211027132937,http://tong.visitkorea.or.kr/cms/resource/67/2763667_image2_1.jpg,http://tong.visitkorea.or.kr/cms/resource/67/2763667_image2_1.jpg,,,,20211027132937,0.0,,unite on : live concert,온라인개최,,061-900-6211,
,B02,B0201,B02010100,2650614,32,20200327154421,http://tong.visitkorea.or.kr/cms/resource/94/2650594_image2_1.jpg,http://tong.visitkorea.or.kr/cms/resource/94/2650594_image2_1.jpg,127.0282157821,37.4934858463,,20210430132022,0.0,,강남아르누보씨티호텔[한국관광 품질인증/Korea Quality],서울특별시 서초구 서초대로74길 49,(서초동)강남아르누보씨티호텔,02-580-7300/7400,06626
,A02,A0207,A02070200,1806376,15,20130422102127,http://tong.visitkorea.or.kr/cms/resource/77/2751077_image2_1.jpg,http://tong.visitkorea.or.kr/cms/resource/77/2751077_image2_1.jpg,127.1573829418,37.5512675743,6.0,20210929131907,21828.0,,강동북페스티벌,온라인 개최,,"강일 427-4004, 성내 471-0044, 해공 478-9656, 암사 429-0476, 천호 488-7223, 둔촌 489-6557",
,A02,A0207,A02070200,2759260,15,20211019163257,http://tong.visitkorea.or.kr/cms/resource/57/2759257_image2_1.png,http://tong.visitkorea.or.kr/cms/resource/57/2759257_image2_1.png,,,,20211019163257,0.0,,강동청년축제,,,02-482-7647,
,A02,A0207,A02070200,506378,15,20080306161002,http://tong.visitkorea.or.kr/cms/resource/16/2689916_image2_1.png,http://tong.visitkorea.or.kr/cms/resource/16/2689916_image2_1.png,126.8011114048,34.5075226164,6.0,20210924134255,75712.0,,강진청자축제,온라인 개최,,061-430-3352,
,A03,A0302,A03021700,2791838,28,20211210150345,http://tong.visitkorea.or.kr/cms/resource/38/2791938_image2_1.jpg,http://tong.visitkorea.or.kr/cms/resource/38/2791938_image2_1.jpg,126.4151894562,37.7548167585,6.0,20211210153950,0.0,,강화 버팔로 캠팜,인천광역시 강화군 하점면 고려산로 329-74,,,23016
,,,,2821974,25,20220526175859,http://tong.visitkorea.or.kr/cms/resource/84/2675084_image2_1.jpg,http://tong.visitkorea.or.kr/cms/resource/84/2675084_image2_1.jpg,,,,20220526180001,0.0,,"거제도 일상 회복 청춘 투어, 지친 나를 위로하고 치유하는 여행",,,,
,A02,A0207,A02070200,2489499,15,20170411152205,http://tong.visitkorea.or.kr/cms/resource/77/2742177_image2_1.jpeg,http://tong.visitkorea.or.kr/cms/resource/77/2742177_image2_1.jpeg,,,,20210909112525,3018.0,,국제무형유산영상축제(IIFF),온라인개최,,,
,A02,A0202,A02020700,2822473,12,20220531171818,http://tong.visitkorea.or.kr/cms/resource/33/2822433_image2_1.jpg,http://tong.visitkorea.or.kr/cms/resource/33/2822433_image3_1.jpg,129.3763304401,35.6670408181,6.0,20220531171850,0.0,,기박산성 의병 역사공원,광주광역시 북구 매곡동,매곡동 838-31번지 일원,,61060
,A01,A0101,A01011400,2804862,25,20220118134649,http://tong.visitkorea.or.kr/cms/resource/69/2355069_image2_1.JPG,http://tong.visitkorea.or.kr/cms/resource/69/2355069_image2_1.JPG,,,,20220620135603,0.0,,"남파랑길(고성,통영 구간)",,,,
,A01,A0101,A01011400,2807090,25,20220214143510,http://tong.visitkorea.or.kr/cms/resource/36/2715736_image2_1.JPG,http://tong.visitkorea.or.kr/cms/resource/36/2715736_image2_1.JPG,,,,20220620135456,0.0,,남파랑길(남해 구간),,,,
,A01,A0101,A01010400,2804863,25,20220118154230,http://tong.visitkorea.or.kr/cms/resource/49/2617849_image2_1.jpg,http://tong.visitkorea.or.kr/cms/resource/49/2617849_image3_1.jpg,,,,20220610141835,0.0,,남파랑길(여수 구간),,,,
,A01,A0101,A01010600,2802948,25,20220210113951,http://tong.visitkorea.or.kr/cms/resource/34/2367434_image2_1.jpg,http://tong.visitkorea.or.kr/cms/resource/34/2367434_image3_1.jpg,,,,20220304150253,0.0,,"남파랑길(해남, 강진 구간)",,,,
,A02,A0201,A02010700,2822525,25,20220602114025,http://tong.visitkorea.or.kr/cms/resource/57/2706257_image2_1.jpg,http://tong.visitkorea.or.kr/cms/resource/57/2706257_image3_1.jpg,,,,20220610141646,0.0,,낮에 보아도 밤에 보아도 아름다운 남원 1박2일 코스,,,,
,A02,A0207,A02070200,2758030,15,20211018103511,http://tong.visitkorea.or.kr/cms/resource/24/2758024_image2_1.JPG,http://tong.visitkorea.or.kr/cms/resource/24/2758024_image2_1.JPG,126.6004314580,36.9244664043,6.0,20211019130325,0.0,,당진 해나루 황토고구마 축제,온라인 개최,,041-353-8817,
,A02,A0203,A02030600,2823807,25,20220615151808,,,,,,20220615155433,0.0,,대구의 핫플레이스를 둘러보는 1박2일 여행 코스,,,,
,A02,A0207,A02070200,2676927,15,20201016145744,http://tong.visitkorea.or.kr/cms/resource/34/2755834_image2_1.jpg,http://tong.visitkorea.or.kr/cms/resource/34/2755834_image2_1.jpg,,,,20211012162117,0.0,,대한민국 공연관광 쇼케이스 렛츠 무브! 코리아!,,,01047071249,
,B02,B0201,B02010100,142766,32,20030807090000,http://tong.visitkorea.or.kr/cms/resource/51/1180751_image2_1.jpg,http://tong.visitkorea.or.kr/cms/resource/51/1180751_image3_1.jpg,,,,20220519153329,44205.0,,롯데호텔 월드,,,02-419-7000,
,A02,A0207,A02070200,2824748,15,20220621165440,http://tong.visitkorea.or.kr/cms/resource/45/2824745_image2_1.jpg,http://tong.visitkorea.or.kr/cms/resource/45/2824745_image3_1.jpg,,,,20220623174624,0.0,,메타버스 뮤직 페스티벌,,,114,
,A01,A0101,,2792565,12,20211213093557,http://tong.visitkorea.or.kr/cms/resource/86/2799686_image2_1.jpg,http://tong.visitkorea.or.kr/cms/resource/86/2799686_image2_1.jpg,126.4532486601,33.5013929390,6.0,20211215165452,0.0,4.0,목마등대 (이호테우등대),제주특별자치도 제주시 이호일동 375-43,,,
,A02,A0207,A02070200,574014,15,20080613091941,http://tong.visitkorea.or.kr/cms/resource/82/2755482_image2_1.jpg,http://tong.visitkorea.or.kr/cms/resource/82/2755482_image2_1.jpg,126.3922741039,34.7828349612,6.0,20211012101345,100980.0,,목포항구축제,온라인 개최,,061-270-8441,
,B02,B0201,B02011600,2757381,32,20211014145821,,,126.6057535234,34.5093191952,6.0,20211112112559,0.0,,무선동한옥마음회(무선동 한옥마을),전라남도 해남군 삼산면 민박촌길 44,,,59047
,A03,A0302,A03022700,2733028,28,20210811112305,,,126.7823328711,37.4846908118,6.0,20210811113446,0.0,,부천문화둘레길-원미마실길,경기도 부천시 부천로 3 마루광장,,,14637
,A02,A0207,A02070200,2492136,15,20170510110405,http://tong.visitkorea.or.kr/cms/resource/76/2758776_image2_1.jpg,http://tong.visitkorea.or.kr/cms/resource/76/2758776_image2_1.jpg,,,,20211019091518,4575.0,,새만금 K-pop 페스티벌,온라인개최,,063-220-8045,54000
,A02,A0207,A02070200,2505657,15,20170905170305,http://tong.visitkorea.or.kr/cms/resource/55/2752855_image2_1.jpg,http://tong.visitkorea.or.kr/cms/resource/55/2752855_image2_1.jpg,,,,20211005113925,4435.0,,서울무형문화축제,온라인개최,,02-2261-0517,04626
,A02,A0208,A02081300,2802075,15,20211221091535,http://tong.visitkorea.or.kr/cms/resource/71/2802071_image2_1.png,http://tong.visitkorea.or.kr/cms/resource/71/2802071_image2_1.png,,,,20211229140252,0.0,,서울시 전통시장 문전성시 특판전,분할 개최,,02-3443-2695,
,A01,A0101,A01011400,2804869,25,20220118171907,http://tong.visitkorea.or.kr/cms/resource/40/2737440_image2_1.JPG,http://tong.visitkorea.or.kr/cms/resource/40/2737440_image2_1.JPG,,,,20220620135534,0.0,,"서해랑길 (고창, 군산 구간)",,,,
,,,,2804868,25,20220118165415,http://tong.visitkorea.or.kr/cms/resource/20/1602720_image2_1.jpg,http://tong.visitkorea.or.kr/cms/resource/20/1602720_image3_1.jpg,,,,20220218102618,0.0,,"서해랑길(서천, 보령 구간)",,,,
,A01,A0101,A01010400,2804720,25,20220118101855,http://tong.visitkorea.or.kr/cms/resource/82/1970982_image2_1.jpg,http://tong.visitkorea.or.kr/cms/resource/82/1970982_image3_1.jpg,,,,20220620135656,0.0,,"서해랑길(진도, 목포구간)",,,,
,B02,B0201,B02010900,136294,32,20070917000000,,,,,6.0,20211231133402,35475.0,,서호호텔,서울특별시 서초구 강남대로69길 10,(서초동),,06611
,A05,A0502,A05020100,2794399,39,20211213172409,http://tong.visitkorea.or.kr/cms/resource/78/2794278_image2_1.JPG,http://tong.visitkorea.or.kr/cms/resource/78/2794278_image2_1.JPG,128.5625933611,37.6841589204,6.0,20211213172409,0.0,,성주식당,강원도 평창군 진부면 방아다리로 306,,,25321
,A05,A0501,A05010600,2710943,12,20210324151508,http://tong.visitkorea.or.kr/cms/resource/82/2711282_image2_1.jpg,http://tong.visitkorea.or.kr/cms/resource/82/2711282_image3_1.jpg,,,,20210329105108,0.0,,속초 가자미식해,,,,
,A05,A0501,A05010600,2710942,12,20210324150542,http://tong.visitkorea.or.kr/cms/resource/78/2711278_image2_1.jpg,http://tong.visitkorea.or.kr/cms/resource/78/2711278_image3_1.jpg,,,,20210329105309,0.0,,속초 곰치국(물곰탕),,,,
,A05,A0501,A05010600,2710932,12,20210324150127,http://tong.visitkorea.or.kr/cms/resource/55/2711255_image2_1.jpg,http://tong.visitkorea.or.kr/cms/resource/55/2711255_image3_1.jpg,,,,20210325134518,0.0,,속초 닭강정,,,,
,A05,A0501,A05010600,2710940,12,20210324150351,http://tong.visitkorea.or.kr/cms/resource/68/2711268_image2_1.jpg,http://tong.visitkorea.or.kr/cms/resource/68/2711268_image3_1.jpg,,,,20210325134752,0.0,,속초 도루묵찌개,,,,
,A05,A0501,A05010600,2710928,12,20210324150032,http://tong.visitkorea.or.kr/cms/resource/48/2711248_image2_1.jpg,http://tong.visitkorea.or.kr/cms/resource/48/2711248_image3_1.jpg,,,,20210329105930,0.0,,속초 물회,,,,
,A05,A0501,A05010600,2710939,12,20210324150245,http://tong.visitkorea.or.kr/cms/resource/64/2711264_image2_1.jpg,http://tong.visitkorea.or.kr/cms/resource/64/2711264_image3_1.jpg,,,,20210329105701,0.0,,속초 붉은대게,,,,
,A05,A0501,A05010600,2710941,12,20210324150449,http://tong.visitkorea.or.kr/cms/resource/74/2711274_image2_1.jpg,http://tong.visitkorea.or.kr/cms/resource/74/2711274_image3_1.jpg,,,,20210329105516,0.0,,속초 아바이순대,,,,
,A05,A0501,A05010600,2710944,12,20210324151559,http://tong.visitkorea.or.kr/cms/resource/85/2711285_image2_1.jpg,http://tong.visitkorea.or.kr/cms/resource/85/2711285_image3_1.jpg,,,,20210325134933,0.0,,속초 양미리구이,,,,
,A05,A0501,A05010600,2710935,12,20210324150204,http://tong.visitkorea.or.kr/cms/resource/58/2711258_image2_1.jpg,http://tong.visitkorea.or.kr/cms/resource/58/2711258_image3_1.jpg,,,,20210325134626,0.0,,속초 오징어순대,,,,
,A05,A0501,A05010600,2710924,12,20210324145854,http://tong.visitkorea.or.kr/cms/resource/45/2711245_image2_1.jpg,http://tong.visitkorea.or.kr/cms/resource/45/2711245_image3_1.jpg,,,,20210329110205,0.0,,속초 함흥냉면,,,,
,A02,A0207,A02070200,2753013,15,20211005141817,http://tong.visitkorea.or.kr/cms/resource/23/2756023_image2_1.jpg,http://tong.visitkorea.or.kr/cms/resource/23/2756023_image2_1.jpg,126.7869848326,37.5977083101,6.0,20211013091204,0.0,,아라뱃길 꿈잇수다 청년 이야기 위크,온라인개최,,031-999-7834,
,A03,A0302,A03020700,576732,28,20080618105806,http://tong.visitkorea.or.kr/cms/resource/78/2444978_image2_1.jpg,http://tong.visitkorea.or.kr/cms/resource/78/2444978_image2_1.jpg,129.2401863043,35.2872281487,6.0,20211207173205,19881.0,3.0,아시아드 컨트리클럽,부산광역시 기장군 일광면 차양길 26,,,46041
,A02,A0207,A02070200,1390147,15,20110921153558,http://tong.visitkorea.or.kr/cms/resource/80/2749180_image2_1.png,http://tong.visitkorea.or.kr/cms/resource/80/2749180_image2_1.png,126.9612886704,37.3901438629,6.0,20210924150827,27336.0,,안양시민축제 <우선멈'춤'프로젝트>,온라인개최,,031-687-0500,
,A02,A0207,A02070200,2508126,15,20170920133548,http://tong.visitkorea.or.kr/cms/resource/79/2747579_image2_1.jpg,http://tong.visitkorea.or.kr/cms/resource/79/2747579_image2_1.jpg,,,,20210923104920,5681.0,,양주 회암사지 왕실축제,온라인축제,(율정동),02-786-0610,11464
,A05,A0502,A05020100,2823349,25,20220610103810,http://tong.visitkorea.or.kr/cms/resource/93/2823293_image2_1.jpg,http://tong.visitkorea.or.kr/cms/resource/93/2823293_image3_1.jpg,,,,20220610141813,0.0,,예술과 역사를 모두 만나는 광주 전남 여행 코스,,,,
,A05,A0502,A05020100,2756100,39,20211013095659,http://tong.visitkorea.or.kr/cms/resource/70/2756070_image2_1.jpg,http://tong.visitkorea.or.kr/cms/resource/70/2756070_image2_1.jpg,126.3942896096,33.2667818381,,20211013095659,0.0,,오전열한시,제주특별자치도 서귀포시 상예로 248,(상예동),,63534
,A02,A0207,A02070200,2763655,15,20211027131512,http://tong.visitkorea.or.kr/cms/resource/72/2765872_image2_1.jpg,http://tong.visitkorea.or.kr/cms/resource/72/2765872_image2_1.jpg,,,,20211101173027,0.0,,온:한류축제,온라인개최,,061-900-6211,
,A02,A0207,A02070200,2765368,15,20211101105512,http://tong.visitkorea.or.kr/cms/resource/59/2765359_image2_1.jpg,http://tong.visitkorea.or.kr/cms/resource/59/2765359_image2_1.jpg,,,,20211101105512,0.0,,외식문화 선진화 캠페인,온라인 개최,,02-449-5009,
,A02,A0207,A02070200,2763716,15,20211027135019,http://tong.visitkorea.or.kr/cms/resource/13/2763713_image2_1.jpg,http://tong.visitkorea.or.kr/cms/resource/13/2763713_image2_1.jpg,,,,20211027135019,0.0,,요괴들의 할로윈 온라인 페스타,온라인 개최,,raondear2807@gmail.com,
,A05,A0502,A05020100,2818855,39,20220509131407,,,127.0748741127,35.9105298462,6.0,20220509131419,0.0,,이북할머니 멸치국수,전라북도 완주군 동학로 30,,,55342
,A02,A0201,A02010700,1584836,12,20120329233223,,,127.0059805607,35.8988188768,6.0,20220523174137,19817.0,,익산 춘포리 구 일본인 농장 가옥,,,,
,A02,A0207,A02070200,2767541,15,20211103094659,http://tong.visitkorea.or.kr/cms/resource/80/2767480_image2_1.JPG,http://tong.visitkorea.or.kr/cms/resource/80/2767480_image2_1.JPG,127.1194825988,35.9648244340,6.0,20211103094659,0.0,,전라북도과학축전,온라인 개최,,063-260-9333~6,
,A02,A0207,A02070200,2554814,15,20180723094721,http://tong.visitkorea.or.kr/cms/resource/66/2644266_image2_1.jpg,http://tong.visitkorea.or.kr/cms/resource/66/2644266_image2_1.jpg,127.0152812635,37.2810769133,6.0,20210923091627,13306.0,,정조대왕 능행차 공동재현,온라인 개최,,031-290-3600,16261
,A02,A0207,A02070200,2755427,15,20211008162711,http://tong.visitkorea.or.kr/cms/resource/13/2755413_image2_1.png,http://tong.visitkorea.or.kr/cms/resource/13/2755413_image2_1.png,,,,20211008164133,0.0,,제 1회 매드영화제,,,0507-1336-1373,
,A02,A0207,A02070200,2756476,15,20211013125540,http://tong.visitkorea.or.kr/cms/resource/73/2756473_image2_1.png,http://tong.visitkorea.or.kr/cms/resource/73/2756473_image2_1.png,,,,20211013125540,0.0,,제 2회 조선왕릉문화제,,,02-3210-4803,
,A02,A0207,A02070200,2755432,15,20211008164025,http://tong.visitkorea.or.kr/cms/resource/30/2755430_image2_1.jpg,http://tong.visitkorea.or.kr/cms/resource/30/2755430_image2_1.jpg,,,,20211008164025,0.0,,제 3회 매드프라이드 서울,,,0507-1336-1373,
,A02,A0207,A02070200,2759249,15,20211019160316,http://tong.visitkorea.or.kr/cms/resource/48/2759248_image2_1.jpg,http://tong.visitkorea.or.kr/cms/resource/48/2759248_image2_1.jpg,,,,20211019160316,0.0,,제10회 경산대추축제,,,053-811-2538,
,A02,A0207,A02070200,1428764,15,20111107094548,http://tong.visitkorea.or.kr/cms/resource/07/2773307_image2_1.jpg,http://tong.visitkorea.or.kr/cms/resource/07/2773307_image2_1.jpg,,,,20211111100506,7211.0,,제12회 진주평생학습축제,온라인 개최,,055-749-4876,
,A02,A0207,A02070200,1422219,15,20111101113603,http://tong.visitkorea.or.kr/cms/resource/45/2748345_image2_1.png,http://tong.visitkorea.or.kr/cms/resource/45/2748345_image2_1.png,128.0639327035,35.0034719462,6.0,20211006102048,26240.0,,제13회 온라인 사천시농업한마당축제,온라인개최,,055-831-3760,52539
,A02,A0207,A02070200,2818494,15,20220503160159,http://tong.visitkorea.or.kr/cms/resource/93/2818493_image2_1.png,http://tong.visitkorea.or.kr/cms/resource/93/2818493_image2_1.png,,,,20220503160305,0.0,,제16회 부산가족축제,,,1577-9337 / 051-330-3406,
,A02,A0207,A02070200,2757747,15,20211015133104,http://tong.visitkorea.or.kr/cms/resource/46/2757746_image2_1.png,http://tong.visitkorea.or.kr/cms/resource/46/2757746_image2_1.png,,,,20211015133104,0.0,,제16회 부산세계시민축제,온라인개최,,부산국제교류재단 세계시민협력팀 051-711-6845,
,A02,A0207,A02070200,2758154,15,20211018135224,http://tong.visitkorea.or.kr/cms/resource/45/2758145_image2_1.jpg,http://tong.visitkorea.or.kr/cms/resource/45/2758145_image2_1.jpg,,,,20211027134351,0.0,,제1회 경주 반려동물 사진.영상 공모전,,,053-944-7800/ 010-5405-2909,
,A02,A0207,A02070200,2759788,15,20211020110152,http://tong.visitkorea.or.kr/cms/resource/87/2759787_image2_1.jpg,http://tong.visitkorea.or.kr/cms/resource/87/2759787_image2_1.jpg,127.0125002913,37.5025122940,,20211020110152,0.0,,제3회 서리풀책문화축제 도서관이 ON(온)다,온라인 개최,,02-520-8707,
,A02,A0207,A02070200,2618530,15,20190911143328,http://tong.visitkorea.or.kr/cms/resource/16/2746316_image2_1.png,http://tong.visitkorea.or.kr/cms/resource/16/2746316_image2_1.png,,,,20210927165925,0.0,,제3회 양재 플라워 페스타,온라인개최,,02-585-9680,
,A02,A0207,A02070200,141236,15,20060822000000,http://tong.visitkorea.or.kr/cms/resource/12/2751112_image2_1.jpg,http://tong.visitkorea.or.kr/cms/resource/12/2751112_image2_1.jpg,127.4938781562,36.8388809865,6.0,20211108172744,35944.0,,제42회 생거진천 온라인 문화축제,온라인개최,,043-533-2742 / 2744,
,A02,A0207,A02070200,2757239,15,20211014105703,http://tong.visitkorea.or.kr/cms/resource/38/2757238_image2_1.jpg,http://tong.visitkorea.or.kr/cms/resource/38/2757238_image2_1.jpg,,,,20211018095002,0.0,,제4회 전라북도무형문화재 한마당축제,,,010-8453-4001,
,A02,A0208,A02081300,2761414,15,20211022153609,http://tong.visitkorea.or.kr/cms/resource/12/2761412_image2_1.png,http://tong.visitkorea.or.kr/cms/resource/12/2761412_image2_1.png,,,,20211022153609,0.0,,제5회 SAFE 대전안전체험한마당,온라인개최,,042-471-3116,
,A02,A0207,A02070200,2769942,15,20211108143142,http://tong.visitkorea.or.kr/cms/resource/39/2769939_image2_1.jpg,http://tong.visitkorea.or.kr/cms/resource/39/2769939_image2_1.jpg,,,,20211123174651,0.0,,제5회 강원도 평생학습박람회 & 제7회 홍천군 평생학습축제,온라인개최,,033-250-2955,
,A02,A0208,A02081300,2773739,15,20211112093526,http://tong.visitkorea.or.kr/cms/resource/03/2773803_image2_1.jpg,http://tong.visitkorea.or.kr/cms/resource/03/2773803_image2_1.jpg,,,,20211112095611,0.0,,제6회 부천전국버스킹대회(통합결선),온라인 개최,,marubusking@gmail.com,
,A02,A0208,A02081300,2371631,15,20160303135542,http://tong.visitkorea.or.kr/cms/resource/87/2476887_image2_1.JPG,http://tong.visitkorea.or.kr/cms/resource/87/2476887_image2_1.JPG,126.7623261043,33.5562723662,6.0,20211118145512,5568.0,,제주국제관광마라톤축제,전국,,064-741-8772,
,A03,A0301,A03010100,2804721,25,20220118113104,http://tong.visitkorea.or.kr/cms/resource/53/2740453_image2_1.jpg,http://tong.visitkorea.or.kr/cms/resource/53/2740453_image2_1.jpg,,,,20220610141940,0.0,,제주올레길,,,,
,A02,A0207,A02070200,2405329,15,20160907090049,http://tong.visitkorea.or.kr/cms/resource/51/2751251_image2_1.jpg,http://tong.visitkorea.or.kr/cms/resource/51/2751251_image2_1.jpg,126.9724103466,37.5707092077,,20220517173637,30398.0,,종로한복축제,온라인개최,온라인개최,02-6263-1185,03175
,A03,A0302,A03021700,2792767,28,20211213120810,http://tong.visitkorea.or.kr/cms/resource/83/2797583_image2_1.JPG,http://tong.visitkorea.or.kr/cms/resource/83/2797583_image2_1.JPG,128.9097056085,35.4305003733,6.0,20211214190855,0.0,,좋은카라반,경상남도 밀양시 삼랑진읍 행곡3길 65-34,,,50466
,A02,A0201,A02010800,126351,12,20031107090000,http://tong.visitkorea.or.kr/cms/resource/37/2364337_image2_1.jpg,http://tong.visitkorea.or.kr/cms/resource/37/2364337_image3_1.jpg,126.9697618157,35.1287583574,6.0,20220519140112,32579.0,,증심사(광주),광주광역시 동구 증심사길 177,(운림동),,61493
,A05,A0502,A05020100,2807692,39,20220218101314,,,128.7471555851,35.6448871138,6.0,20220218165002,0.0,,청도오경통닭  옹치기,경상북도 청도군 청도시장3길 2-8,,,38338
,A02,A0208,A02081300,2801929,15,20211220140259,http://tong.visitkorea.or.kr/cms/resource/24/2801924_image2_1.jpg,http://tong.visitkorea.or.kr/cms/resource/24/2801924_image2_1.jpg,,,,20211220140259,0.0,,청소년 사이버폭력예방 푸른코끼리 포럼 (푸코포럼),온라인 개최,,02-585-0098,
,A02,A0207,A02070200,2778432,15,20211124095545,http://tong.visitkorea.or.kr/cms/resource/30/2778430_image2_1.jpg,http://tong.visitkorea.or.kr/cms/resource/30/2778430_image2_1.jpg,,,,20211124095545,0.0,,청소년 우주과학여행,온라인 개최,,02-559-3842,
,A05,A0502,A05020900,2746701,39,20210916171811,http://tong.visitkorea.or.kr/cms/resource/23/2746623_image2_1.jpg,http://tong.visitkorea.or.kr/cms/resource/23/2746623_image2_1.jpg,127.3381336709,37.1430347857,6.0,20210916171811,0.0,,카페모안,경기도 용인시 처인구 원삼면 두창호수로 188,,,17176
,A02,A0207,A02070200,2627747,15,20191021103353,http://tong.visitkorea.or.kr/cms/resource/49/2804249_image2_1.jpg,http://tong.visitkorea.or.kr/cms/resource/49/2804249_image2_1.jpg,128.2843633787,35.3193292641,,20211229175551,0.0,,토요애 의령 농특산물 축제,온라인 개최,,055-570-4110~4,
,A05,A0502,,1946991,39,20140911092824,http://tong.visitkorea.or.kr/cms/resource/56/1946456_image2_1.jpg,http://tong.visitkorea.or.kr/cms/resource/56/1946456_image3_1.jpg,127.0569024733,37.0822423232,6.0,20211209145510,3762.0,,한우마을,경기도 평택시 탄현로 338,,031-668-3939,17757
,A02,A0207,A02070200,2761418,15,20211022160755,http://tong.visitkorea.or.kr/cms/resource/51/2763151_image2_1.jpg,http://tong.visitkorea.or.kr/cms/resource/51/2763151_image2_1.jpg,,,,20211026165309,0.0,,한우의 날,온라인 개최,,070-7704-3842,
,,,,2804867,25,20220118161518,http://tong.visitkorea.or.kr/cms/resource/56/1613356_image2_1.jpg,http://tong.visitkorea.or.kr/cms/resource/56/1613356_image3_1.jpg,,,,20220218095332,0.0,,"해파랑길(경주, 포항, 영덕 구간)",,,,
,,,,2807088,25,20220214114802,http://tong.visitkorea.or.kr/cms/resource/96/2716496_image2_1.jpg,http://tong.visitkorea.or.kr/cms/resource/96/2716496_image3_1.jpg,,,,20220304142300,0.0,,"해파랑길(고성, 속초 구간)",,,,
,A01,A0101,A01011300,2804685,25,20220117180046,http://tong.visitkorea.or.kr/cms/resource/46/2653346_image2_1.jpg,http://tong.visitkorea.or.kr/cms/resource/46/2653346_image3_1.jpg,,,,20220610142028,0.0,,"해파랑길(부산,울산 구간)",,,,
